id,domain,status,purchase_price,renewal_price,attractiveness,demand,length,registrar,created_at,expires_at
0042e755-2ca2-4bb4-8281-24518cdd77b8,smarts.world,resell,,,67,16,6,"Sav.com, LLC - 29",08/12/2025 15:15,08/12/2026 15:15
00483b24-863d-44e2-b785-b582cdd5b15a,soothes.world,available,4.49,41.49,61,2,7,namesilo,,
0081f454-5f52-4356-9f26-ea8ce72b26a8,Iputittoyou.world,available,52.98,,50,1,15,namecheap,,
008fe37a-bc57-46da-8e45-a088120d8732,accountof.world,available,5.99,,72,1,10,name.com,,
0099c16a-70eb-4867-8e94-bfbc1d5c1a69,privatesector.world,available,5.99,,64,2,14,name.com,,
00c71c72-330c-40cf-9cc3-2fb072f22544,unsettles.world,available,4.49,41.49,43,1,9,namesilo,,
00e77934-d556-4f49-805f-dcd22f118041,sqmi.world,available,5.99,,54,2,5,name.com,,
010f2a5b-1b9b-4883-9f07-2cc7f5c085d6,fittest.world,available,5.99,,58,7,7,name.com,,
01132e26-6b67-47ba-a880-c2281e9d14c5,inthesameboat.world,available,5.99,,48,2,16,name.com,,
011655ae-4473-49c3-ac1e-6dc14594ff57,executivecontrol.world,available,5.99,,64,1,17,name.com,,
015d1d95-87da-40d4-82f6-2fe4781e3916,herds.world,available,4.49,41.49,50,7,5,namesilo,,
01a90a7e-db46-4a7c-9705-1c4bdb06af75,manyandvarious.world,available,5.99,,46,2,16,name.com,,
01c40c6a-3acc-476d-a56c-9bcc4813ae2f,mentions.world,available,5.99,,54,9,8,name.com,,
01d78ef4-7f7b-402d-9f32-44c34dd19a9b,getphysical.world,available,5.99,,80,1,12,name.com,,
01e5257e-d5a3-47a7-9113-c1b03555fa1a,coffeesenna.world,available,5.99,,80,1,12,name.com,,
01f9fd5d-3f8f-4e49-9655-5e645e464de1,thebird.world,available,4.49,41.49,58,6,8,namesilo,,
021d8484-b69e-4b13-a2b7-3f6644e6ab3b,herbsandspices.world,available,5.99,,54,3,16,name.com,,
021f0da3-5ae6-48de-9cb8-878e1556a833,nauseousness.world,available,4.49,41.49,58,1,12,namesilo,,
02252dc9-b806-42b0-ac35-7c8fb6fab745,keephopealive.world,available,5.99,,50,2,15,name.com,,
0241639a-1b84-4f78-9994-0ab0bfbb2b91,terrifies.world,available,5.99,,39,1,9,name.com,,
02461ecb-4ff6-4ace-b080-e6f5e730b0d4,positions.world,available,4.49,41.49,48,7,9,namesilo,,
02519d75-bfc9-4d0c-84ff-28d91225b8c6,IslesofScilly.world,available,52.98,,52,1,15,namecheap,,
0256ee64-d9c9-4abe-a1dd-326354f5eb75,posterpaint.world,available,5.99,,74,2,12,name.com,,
0296d5be-0db5-4cab-afff-a92f84b3371e,motorracing.world,available,5.99,,74,4,12,name.com,,
02a36a41-7ae9-4659-b79c-9f01615e7171,smashinto.world,available,5.99,,38,0,10,name.com,,
02c76fad-6884-48ae-907d-5ff28519dc4b,barup.world,available,5.99,,82,2,6,name.com,,
02d8b031-f229-4741-a0a4-4fb23243f7c5,Ihavediabetes.world,available,52.98,,50,2,15,namecheap,,
02ecc4c2-45e9-4acc-a4f1-80e66b189e3e,keepunder.world,available,5.99,,66,1,10,name.com,,
0312e7e0-c7f5-4088-bfea-11d663cefede,thenandthere.world,available,5.99,,54,2,14,name.com,,
0332f1c6-ddb8-45a1-be2c-7812dfb64617,hides.world,available,4.49,41.49,50,5,5,namesilo,,
0354c0b2-bde2-4a44-893f-12a777125927,hitwith.world,available,5.99,,76,2,8,name.com,,
035cfe13-707b-45f8-9ac0-07554f9f2c18,textmessages.world,available,5.99,,52,3,13,name.com,,
03a8929b-4af4-46ec-8d0c-0ea9067d82ba,Caliorbust.world,available,52.98,,56,1,12,namecheap,,
03e9eb7d-7ed5-4650-9d2d-267cb0660c2f,changeoftune.world,available,5.99,,64,0,14,name.com,,
03ed9696-d532-4bb5-8609-7e5d344952e2,diseases.world,available,5.99,,40,5,8,name.com,,
04109d5a-514b-4878-a3b1-f627266e7a65,eachtotheirown.world,available,5.99,,46,1,17,name.com,,
04281f89-2999-41a1-839a-0b4bdab6c037,clipboards.world,available,4.49,41.49,56,4,10,namesilo,,
04287c49-65e8-4fa6-8985-c7087ff98df5,makeof.world,available,5.99,,76,1,7,name.com,,
0435a30d-98d3-4d30-bd5b-333d1680a6ff,peas.world,resell,,,51,10,4,"Sav.com, LLC - 49",08/11/2025 15:15,08/11/2026 15:15
0485413b-c1ee-45de-9903-5e767c454343,resorted.world,available,4.49,41.49,50,1,8,namesilo,,
04b74c84-87db-44b8-bce4-882246378984,draws.world,available,5.99,,65,6,5,name.com,,
04bd7ad1-b28b-4dd8-a430-8dfe377a2e82,believeme.world,available,5.99,,68,3,10,name.com,,
04bf69e0-242e-4127-8da7-8e21151edb8f,inthepipeline.world,available,5.99,,42,2,15,name.com,,
04c87508-6a6e-4f3b-83f9-be462cc66350,mutualaid.world,available,5.99,,78,9,10,name.com,,
04da302c-0bf7-4d34-8450-a8b7e480ce68,belike.world,available,5.99,,74,7,7,name.com,,
04e38efb-c31b-43e6-bb35-6aeb1e7b53fd,takesteps.world,available,5.99,,71,2,10,name.com,,
04edbef5-ecbe-4c67-8fa4-627f9f22d609,notices.world,available,4.49,41.49,48,6,7,namesilo,,
052a5c02-5061-4ebb-9a1b-cdb612d6227e,loans.world,premium,242,242,58,24,5,namesilo,,
054f8e53-1227-47e2-84b0-89b4ad6fd131,practices.world,available,5.99,,52,6,9,name.com,,
05a4b590-44ec-45c2-a568-01b99e7136f7,bloodpressuregauge.world,available,5.99,,48,1,20,name.com,,
05a6771c-62dd-4a83-bfc0-5f2adc5d246f,ratings.world,resell,,,53,19,7,"Sav.com, LLC - 21",22/06/2025 15:15,22/06/2026 15:15
05b060a5-612d-4559-88bf-a665eea90876,segregation.world,available,5.99,,62,2,11,name.com,,
05dcc240-4ef8-46c6-a41f-b877e2493b9f,largeandincharge.world,available,5.99,,62,1,19,name.com,,
05f349ed-39fb-4d4d-b422-65e74fb284ef,stepping.world,available,5.99,,73,5,8,name.com,,
05f66162-e4bc-4335-ae89-549f6d262ede,softenup.world,available,5.99,,68,1,9,name.com,,
064961ad-dad6-4071-b588-f8ff90f5af19,distributed.world,resell,,,64,21,11,"NameCheap, Inc.",14/01/2015 16:00,14/01/2027 16:00
066960ec-6d05-4fdb-a323-94c06b4ba298,reservation.world,resell,,,65,19,11,Squarespace Domains II LLC,29/01/2020 23:59,29/01/2027 23:59
067ff4b0-0ec0-4af9-82b3-ec913319d951,goonrecord.world,available,5.99,,70,1,12,name.com,,
06a47cf7-041d-44bd-a619-49765a349348,views.world,resell,,,62,18,5,"DNSPod, Inc.",24/07/2024 17:00,24/07/2026 17:00
06aa3b62-77dc-4bf0-bd63-58132cdcf790,financeindustry.world,available,5.99,,44,1,16,name.com,,
06c7c52d-ecfe-4370-af13-8657cc7cc1ad,scoopout.world,available,5.99,,48,1,9,name.com,,
06cabd0b-11a6-4802-8c53-522c3b76f53a,backsomersault.world,available,5.99,,50,1,15,name.com,,
06d05134-3be5-4dfd-808f-d917c55f0e09,personals.world,resell,,,47,8,9,"Sav.com, LLC - 19",26/04/2025 15:15,26/04/2027 15:15
06ee354c-30ce-433e-aad7-946b5d2c5738,hangbyathread.world,available,5.99,,56,1,16,name.com,,
07340f07-3085-48da-8874-395ff476eed4,distinctivepaper.world,available,5.99,,72,1,17,name.com,,
07369c24-3b54-4c0d-b95b-5b4054f510d1,tablespoonful.world,available,5.99,,58,1,13,name.com,,
075623cc-cf4f-473b-b7a9-96588df729f2,demonstrating.world,available,5.99,,48,1,13,name.com,,
07653d4e-30be-4b9c-bb78-7142ce0af93d,FinalFour.world,available,52.98,,82,3,10,namecheap,,
078a84c7-2350-4d6b-a02a-ae9094026b4d,comeinhandy.world,available,5.99,,76,1,13,name.com,,
0792c8d3-15d4-430d-a1c2-bc5044d41d70,gofigure.world,available,5.99,,54,7,9,name.com,,
07a62e3a-db35-45d5-bd2e-516025944a31,project.world,resell,,,82,43,7,Porkbun LLC,31/03/2017 03:22,31/03/2027 03:22
07ac0f0e-8213-4ca8-a839-64a6aadac98d,pointofcare.world,available,5.99,,70,4,13,name.com,,
07ba7719-30f1-4333-ad89-1287e5df0ab5,trussmember.world,available,5.99,,50,1,12,name.com,,
07d30b23-6ee5-41d6-98e2-ab87ae039210,letsomeonehaveit.world,available,5.99,,67,1,19,name.com,,
0801f15e-a400-405a-b963-bc1ea4d890bf,volunteering.world,available,5.99,,74,7,12,name.com,,
081d26bb-ccde-40aa-937a-1e90808f5c8e,Ihaveafever.world,available,52.98,,50,1,14,namecheap,,
08a9b47b-21a9-4c0b-9771-ca5a845ab584,divorcing.world,available,5.99,,46,6,9,name.com,,
08bb7b46-8c29-42a4-b438-bb595a89c341,gascooker.world,available,5.99,,52,1,10,name.com,,
08e29eb4-e07a-4ed8-a4a8-b8257fc6671f,busfare.world,available,5.99,,70,1,8,name.com,,
0900a1a4-0c55-49ef-beda-6472aeff2eb1,destination.world,resell,,,90,25,11,"DNSPod, Inc.",01/04/2023 15:15,01/04/2027 15:15
0931948f-ef28-454b-9085-e8149700c59a,dont.world,resell,,,42,18,4,"Sav.com, LLC - 9",12/03/2025 15:15,12/03/2027 15:15
09d264e4-6e04-4e28-9bef-793df3c2769a,paced.world,available,5.99,,49,5,5,name.com,,
09d4fdab-5a73-4177-b452-99c156cf9528,rented.world,available,5.99,,54,8,6,name.com,,
09f45dae-34be-4d7b-8d0c-7a0ad81b913d,ontheropes.world,available,5.99,,59,2,12,name.com,,
09f9e1d6-a839-448e-8991-bbf7d6eeaacb,reckoned.world,available,5.99,,50,1,8,name.com,,
09faa95f-f3b3-497c-8893-25c616476a4b,manysidedness.world,available,5.99,,64,1,14,name.com,,
0a24c718-ab5c-4930-a6bc-852c99112675,gonowhere.world,available,5.99,,62,2,10,name.com,,
0a4b60e5-5ed9-4a10-9d44-f1ab006975c7,deepfried.world,available,5.99,,74,6,10,name.com,,
0a5aaa8e-eb83-4f7d-8bb9-6edb73608c8a,woodentruss.world,available,5.99,,56,1,12,name.com,,
0a65473f-ccd6-46e5-847a-604676942929,DistrictofColumbia.world,available,52.98,,52,4,20,namecheap,,
0ac3b81c-888f-4149-b589-b62e6ac4cf85,photos.world,resell,,,54,28,6,"Spaceship, Inc.",14/01/2015 16:00,14/01/2027 16:00
0ad674c4-61d6-4fbd-bc19-0ee526b37421,SaintNicholas.world,available,52.98,,64,4,14,namecheap,,
0ae55cd5-900d-431d-b43d-fce0c6166801,toweloff.world,available,5.99,,70,1,9,name.com,,
0aeaba50-b780-48ff-ac9b-43e7cca74bd9,Icouldeatahorse.world,available,52.98,,50,1,19,namecheap,,
0af1a882-98f2-44fe-a317-a2744dcc1c61,roastbeef.world,available,5.99,,80,4,10,name.com,,
0af351a1-4eee-4e70-8588-d78a9ab54722,windowshop.world,available,5.99,,83,5,11,name.com,,
0b3aa5bb-1faf-4710-8506-7970f384c223,proxybattle.world,available,5.99,,44,1,12,name.com,,
0b550498-1ee9-4bef-8bb1-07653e8bfac0,abided.world,available,5.99,,70,1,6,name.com,,
0b7486b3-695b-49f7-a4e3-c7d0df183718,havenobusiness.world,available,5.99,,60,1,16,name.com,,
0bc0b323-49c1-43ad-88a7-7d1638540209,prizes.world,resell,,,60,11,6,"Sav.com, LLC - 37",28/08/2025 15:15,28/08/2026 15:15
0bccdaab-5eb3-48e0-aff5-69c849d53c1c,getoveroneself.world,available,5.99,,62,1,16,name.com,,
0bd0323d-0279-4085-9290-094cf6155a44,gobackon.world,available,5.99,,72,2,10,name.com,,
0be108e1-eb5a-4945-93e7-159087fa7ab0,SikhEmpire.world,available,52.98,,64,1,11,namecheap,,
0c436258-c55f-4c88-a48e-27292d65f50b,skateover.world,available,5.99,,60,0,10,name.com,,
0c7461e1-5a9d-4230-bbfa-59489550de57,Frenchicecream.world,available,52.98,,72,1,16,namecheap,,
0c7be70c-c5b2-410f-af42-d7063a26fa38,OrangeCounty.world,available,52.98,,66,11,13,namecheap,,
0c9512e7-081e-4c98-89c1-07fa69f602fa,leaveover.world,available,5.99,,70,1,10,name.com,,
0cb814e4-6a47-4ae7-9c0d-f014620ee587,mountaindew.world,available,5.99,,74,7,12,name.com,,
0cc1c577-9ce4-4fdd-a503-12be9de5cf2f,gotosleep.world,available,5.99,,72,3,11,name.com,,
0cc8d94e-5f47-44bc-b783-e4b78aa5559f,practicality.world,available,5.99,,72,3,12,name.com,,
0ccf73a9-da50-4c89-b9e8-afaf5ca4ae6c,childmarriage.world,available,5.99,,48,2,14,name.com,,
0ce5f076-911b-4fe4-8fcd-4e4175b6b8ce,majorityparliament.world,available,5.99,,50,1,19,name.com,,
0d05a756-7dbc-4993-882c-ae6c204bddac,officecleaner.world,available,5.99,,41,1,14,name.com,,
0d7a37f0-438f-4108-9e8d-1e6c28a0b009,changethechannel.world,available,5.99,,62,1,18,name.com,,
0d7c575a-68a4-48b6-92b7-3994e972b1c4,mostoften.world,available,5.99,,56,0,10,name.com,,
0d8ae820-3c2d-4f85-ad29-2f6d84eaa45e,loaned.world,available,5.99,,52,3,6,name.com,,
0daaedf9-2fd8-4354-9c20-6c2c2371033b,tended.world,available,4.49,41.49,50,7,6,namesilo,,
0dc0d92b-e266-4dc0-9658-6dbdb0c7afe8,Jim.world,premium,92.4,92.4,78,28,3,namecheap,,
0dd6b636-9f76-4528-b93f-af9e778f2248,choirs.world,available,5.99,,58,5,6,name.com,,
0df47cd2-63c9-45e6-bfd3-3f0a8955ffd0,keephouse.world,available,5.99,,70,2,10,name.com,,
0e2d5fe0-090e-4345-9d9c-0114dd58d779,comeoutwith.world,available,5.99,,68,1,13,name.com,,
0e8ed0d7-fe08-43bc-89da-2ba667fe40f6,asoflate.world,available,5.99,,56,0,10,name.com,,
0e9e545e-f620-4ebc-bf7f-649f263b6bfc,movingforward.world,available,5.99,,56,8,14,name.com,,
0eed9648-5b08-4f04-bc16-725e5cdaed42,rollinginit.world,available,5.99,,46,1,13,name.com,,
0f2dda2c-d82d-4aa9-ba5e-5138a91694a1,stuffit.world,available,5.99,,44,5,8,name.com,,
0f45f60f-40c1-4400-a153-3bc28578eca1,fundamentalism.world,available,5.99,,58,2,14,name.com,,
0f64bd5c-f69e-47b1-8ea3-0d2e9a133739,highrelief.world,available,5.99,,71,0,11,name.com,,
0fa66907-571b-4078-8708-e443c997b31a,glances.world,available,5.99,,52,5,7,name.com,,
0fa7f064-a2d6-4fa6-8bc8-95ee168252e2,gowithout.world,available,5.99,,75,1,10,name.com,,
0fc27f86-3a79-4d93-84ab-7a6348449030,clearoff.world,available,5.99,,72,1,9,name.com,,
0fc7b766-667e-4ee4-8c0c-101dbe224aff,landedproperty.world,available,5.99,,42,1,15,name.com,,
0feba414-3196-44e2-85a2-525ce14f054a,procedures.world,available,5.99,,50,5,10,name.com,,
0ff936e1-9728-4d16-ad2c-ca7026474656,thousands.world,available,5.99,,56,5,9,name.com,,
101220e8-5f2f-4483-90d3-824707b65ca6,GrandExchange.world,available,52.98,,56,5,14,namecheap,,
104b3315-583f-41e8-b240-00a7ed6d9534,bedamned.world,available,5.99,,38,1,9,name.com,,
10678620-984b-42c1-a11c-cd12c826bc7b,manycoloured.world,available,5.99,,60,1,13,name.com,,
10d024ff-a816-49e3-9b6d-e8e93c99e2df,nights.world,resell,,,74,12,6,"Sav.com, LLC - 22",25/03/2026 15:15,25/03/2027 15:15
10e5818f-9ecb-458e-9ee2-f02e31b3389a,affirmation.world,resell,,,82,10,11,"Sav.com, LLC",17/12/2025 17:33,17/12/2026 17:33
10ea2084-c612-4c2a-837c-98edd6329696,takeeffect.world,available,5.99,,70,0,11,name.com,,
10faa4eb-a7de-42f4-8625-6a7ea8831d31,likemad.world,available,5.99,,70,0,8,name.com,,
113fba1d-5a09-4519-ba4e-780fc1154389,highend.world,premium,123.75,,72,17,8,name.com,,
116ea34b-6d1e-4184-a801-f86f68b1c197,desktops.world,available,4.49,41.49,62,6,8,namesilo,,
118ba48d-afc0-48d6-9890-1cb9eabd8e49,searched.world,available,5.99,,60,7,8,name.com,,
11a4ff9b-75c2-4ced-9e02-492861a61547,cans.world,resell,,,56,10,4,"Spaceship, Inc.",23/03/2026 08:01,23/03/2027 08:01
11b06af7-8a78-4604-b0b4-37e67001d9a8,getoutsideof.world,available,5.99,,66,1,14,name.com,,
11e0f340-b9b9-4c4a-b496-c54dea1b8026,disinfection.world,available,5.99,,74,5,12,name.com,,
11e579f2-6ea0-4bff-8149-7f041ab53371,shrugs.world,available,4.49,41.49,50,2,6,namesilo,,
120f512b-3794-4def-bc7f-b862720a856d,yielded.world,available,5.99,,56,3,7,name.com,,
12217511-5fda-4a9d-bb46-bb3bc633c78c,resources.world,resell,,,58,21,9,"DNSPod, Inc.",12/07/2021 09:47,12/07/2026 09:47
122f4b80-e5fd-408b-a520-95bec5cde7ad,exchanges.world,available,5.99,,50,11,9,name.com,,
124c078b-66eb-4555-85cf-7d48e6c783f3,VHS.world,resell,,,71,20,3,"Sav.com, LLC - 30",13/11/2025 15:16,13/11/2026 15:16
12d7d597-529a-4624-9661-5ec5c852d12d,haveover.world,available,5.99,,74,1,9,name.com,,
1302470d-aa60-4283-8de6-55090efc4b10,synthesized.world,available,5.99,,57,3,11,name.com,,
1304152f-9a2b-4a88-90e2-5c70ca864dec,cometogrips.world,available,5.99,,62,1,13,name.com,,
131fbdb7-b76d-4595-a634-32e63b96c16a,cometoterms.world,available,5.99,,66,1,13,name.com,,
13785014-1bb5-4fce-9f63-b753dc8e6140,prejudices.world,available,5.99,,38,1,10,name.com,,
137e1dc5-fe1b-4f24-8a43-64882b6a35c5,geton.world,available,5.99,,82,10,6,name.com,,
1386b59d-10bb-46d6-8efe-10509819dcec,surfers.world,resell,,,57,10,7,"Sav.com, LLC - 30",18/04/2025 15:15,18/04/2027 15:15
13877ed1-e2bf-4d54-a701-080db520b109,mountainridge.world,available,5.99,,52,3,14,name.com,,
13a82b23-e6b7-40d3-ab0f-fee26a83b093,comeondown.world,available,5.99,,76,1,12,name.com,,
13b1b4c8-43de-4314-81c6-499b8a2c025b,standardscore.world,available,4.49,41.49,42,1,14,namesilo,,
13bbff4d-ae22-4f88-80c6-369774e75fe2,letonego.world,available,5.99,,77,1,10,name.com,,
13cd1cce-f3dc-49d6-90ad-edfbf6ba686c,chiefofstate.world,available,5.99,,60,1,14,name.com,,
13da1ff7-ed37-407b-9503-529a689aff69,takeout.world,resell,,,75,16,8,"Spaceship, Inc.",21/02/2026 17:41,21/02/2027 17:41
13fe7f68-7299-4424-97ba-65e8f98a4aa6,intight.world,available,5.99,,50,1,8,name.com,,
14183b1f-3f32-41e2-9d9f-b2bcfc77b30a,spiders.world,resell,,,56,10,7,"Spaceship, Inc.",23/03/2026 08:01,23/03/2027 08:01
144cfd20-7325-4791-8454-f67448a90d26,workfromhome.world,resell,,,51,16,14,"Sav.com, LLC - 10",23/03/2025 15:15,23/03/2027 15:15
14a6176e-d8ab-4e5c-a27e-bd24ddb4564e,platearmour.world,available,5.99,,65,1,12,name.com,,
14c47c40-d5da-49b8-a6c2-1d802ac527a1,appraised.world,available,4.49,41.49,50,4,9,namesilo,,
14db0942-fc43-463c-b01c-47104f4ca95e,sophistication.world,available,5.99,,70,3,14,name.com,,
14de0fa6-5d69-4fe1-85ca-bafde9b315e2,goawry.world,available,5.99,,66,0,7,name.com,,
15223c4c-8aa4-4d79-9741-b84c2e7e3ac4,cups.world,resell,,,60,12,4,"Sav.com, LLC - 15",07/03/2026 15:15,07/03/2027 15:15
15841ad0-163b-4d43-9ddb-06945e312efa,predisposition.world,available,5.99,,62,1,14,name.com,,
1588750c-26c6-4848-be6b-de92e9f2f0d7,strepthroat.world,available,5.99,,68,2,12,name.com,,
159276ff-1480-42ba-9e93-d5499f4ade67,seemed.world,available,5.99,,58,4,6,name.com,,
15ac93f7-9c7a-46db-a332-1c37814d4696,CountyTyrone.world,available,52.98,,42,2,13,namecheap,,
15d73fcb-0bc4-45b1-976f-11d9528e3ad8,gotothewashroom.world,available,5.99,,56,1,18,name.com,,
15d984bf-dd8e-4231-b446-52005cd3b6da,Godresthissoul.world,available,52.98,,44,1,17,namecheap,,
15db8da1-94d7-4e8e-80e2-613e5eb38c8d,managers.world,resell,,,56,10,8,"Sav.com, LLC - 43",16/07/2025 15:15,16/07/2026 15:15
15f0cd22-b74c-4121-8142-8a7876968ae3,keepitdown.world,available,5.99,,46,0,12,name.com,,
15f3db90-fa58-44b9-99cc-4428e3f1e987,TyphoidMary.world,available,52.98,,59,1,12,namecheap,,
15f99fc3-39d6-4d06-958d-54d633e5637e,getready.world,resell,,,88,11,9,"Sav.com, LLC - 17",29/03/2026 15:15,29/03/2027 15:15
161d91d7-9c21-4c89-a0d3-58cdf2c1f855,decideupon.world,available,5.99,,76,0,11,name.com,,
1620c7c8-db4f-46f9-9c00-3413e6a072c0,sitaround.world,available,5.99,,66,1,10,name.com,,
166d74a8-b8d5-4a90-a14f-1918ade9195e,commonleopard.world,available,5.99,,46,0,14,name.com,,
166fd18a-1312-41fe-a987-7f6185f4f5ca,rashes.world,available,4.49,41.49,40,3,6,namesilo,,
16793ed9-2e8d-4088-91c1-7a7404263d26,filetype.world,available,5.99,,64,3,9,name.com,,
167c04d8-f32a-49ec-8eea-063bc2466db2,introduces.world,available,5.99,,58,2,10,name.com,,
16840187-3862-4b09-b036-f47501255528,midmorning.world,available,5.99,,80,1,11,name.com,,
168cd2e6-4ff9-464c-a3c7-e8858db6f4c1,rests.world,available,5.99,,52,5,5,name.com,,
16a90f7f-27b1-4054-9b5a-58a851d5df6e,Germanfries.world,available,4.49,41.49,82,1,12,namesilo,,
16efbe63-5fc2-4ebb-aeae-e86c115ab7c8,keepupwith.world,available,5.99,,76,2,12,name.com,,
173b7cab-ee06-4a49-ad62-ef52780d7dd6,filetypes.world,available,4.49,41.49,46,3,9,namesilo,,
174d954f-1d16-4fa7-88e2-2346407f99bf,getlaid.world,available,5.99,,76,6,8,name.com,,
175484ce-96cb-479f-94fd-21d7b692e68b,backstretch.world,available,5.99,,74,3,12,name.com,,
176a1256-bf27-454b-9be1-6a3e8adf91b8,chickenfriedsteak.world,available,5.99,,72,1,19,name.com,,
176f8260-cdd3-4ae5-a5c0-2b638b7d7eac,touchdowns.world,available,4.49,41.49,57,2,10,namesilo,,
1780187d-309e-4008-9c03-c152833ba71c,officeclerk.world,available,5.99,,49,1,12,name.com,,
17a229ec-f348-4b0c-9cd2-9876bda86f3a,verbs.world,available,5.99,,48,9,5,name.com,,
17c43cd0-e2dd-468b-9ee2-fc369556ab27,slips.world,available,5.99,,70,10,5,name.com,,
17d9330d-b93a-47fb-9612-1d159775e676,sucked.world,available,5.99,,54,4,6,name.com,,
17e3f4c4-b6e8-4d19-b2ab-657e938bb8e5,manyhappies.world,available,5.99,,72,1,12,name.com,,
18120b15-ce5e-4648-8d1f-568afbb03a3a,ventilators.world,available,4.49,41.49,48,4,11,namesilo,,
1817e27f-db0d-455d-b95c-8bfab7117870,bosses.world,available,5.99,,54,8,6,name.com,,
18203ffe-b91e-45df-9983-ee5d4e6581e6,fitthebill.world,available,5.99,,84,1,12,name.com,,
183442c3-3cce-4b83-b3d4-d2c8a07021b1,norms.world,available,5.99,,45,7,5,name.com,,
1843d9bc-628a-40b5-a947-c6541fb21e11,datafeed.world,available,5.99,,70,7,9,name.com,,
184a4606-dc4f-4e6f-9fec-7592b1f463a2,commonhousefly.world,available,5.99,,42,1,15,name.com,,
18637e9e-9a23-4dda-8d4a-1214f79e57b7,deepinthought.world,available,5.99,,52,1,15,name.com,,
18778707-7263-4c4c-bbb1-f42f53320991,hittingthepavement.world,available,4.49,41.49,46,1,20,namesilo,,
187d9742-13cf-47f9-84d8-0b39bf8e51b4,getlate.world,available,5.99,,72,1,8,name.com,,
189b0a25-6c80-4b25-88e9-a59f2ea4a665,ponders.world,available,5.99,,54,5,7,name.com,,
189d2011-84db-43a7-905e-8f87f0499562,fundamentalscience.world,available,5.99,,66,2,19,name.com,,
18f4d877-b928-4523-a8f2-2a6d34f47fed,IliveinMelbourne.world,available,52.98,,50,0,19,namecheap,,
1907a2e7-27eb-46e3-accb-352287e54962,hightech.world,resell,,,83,16,9,"Sav.com, LLC - 27",06/12/2025 15:15,06/12/2026 15:15
1983db7a-8a40-47d6-ba74-e2d2262e9651,goplatinum.world,available,5.99,,76,1,11,name.com,,
19c9f2f6-6955-4e6d-b87c-a1ce16c67dce,stretches.world,available,5.99,,50,2,9,name.com,,
19cb3127-7c94-47c0-afcf-4c845de88df4,vegetables.world,resell,,,64,8,10,"Spaceship, Inc.",12/01/2026 20:50,12/01/2027 20:50
1a195384-9e7f-4ba2-8ea5-bc59968b0dfb,CountyofRiley.world,available,4.49,41.49,42,1,15,namesilo,,
1a1e8cd8-931e-4534-afc9-ad42d3ff0e21,CountyofMitchell.world,available,4.49,41.49,42,0,18,namesilo,,
1a2dec28-3400-4e8f-8aed-4ba30097c88b,stayathome.world,available,5.99,,68,7,12,name.com,,
1a3aa118-38a2-4a93-b552-ec8f557a69d1,gocrazy.world,available,5.99,,72,5,8,name.com,,
1a3b7543-b758-4120-a0d8-2f25b3a3e046,breeds.world,available,4.49,41.49,60,4,6,namesilo,,
1a62d877-fa2b-4104-abcd-4fc62d8c2f21,organdonation.world,available,5.99,,72,2,14,name.com,,
1a6ee526-7252-47ef-96ed-a1e93dd424af,grouptherapy.world,available,5.99,,72,4,13,name.com,,
1a72eb0d-77c5-49ea-bed4-43b3844fe034,urges.world,available,5.99,,51,4,5,name.com,,
1ab92532-62ee-460c-9181-8fb362478213,eyeshadow.world,available,5.99,,74,3,10,name.com,,
1ad45ca6-fa7b-420d-9177-ca6915061765,Scotchtape.world,available,52.98,,80,2,11,namecheap,,
1b28377e-6cc9-4945-8c51-df84392fc581,cases.world,resell,,,50,12,5,Squarespace Domains II LLC,04/02/2022 12:55,04/02/2027 12:55
1b2a38e2-3c42-4e29-815e-9468f63b7edd,gingerbreadman.world,available,5.99,,70,3,15,name.com,,
1b5cd6f7-bc9a-4a3b-bd80-565a88652348,tablespoons.world,available,4.49,41.49,54,2,11,namesilo,,
1b8d030e-3063-4845-8f6b-a5b3f9f40b49,savinggrace.world,available,5.99,,76,7,12,name.com,,
1bba4102-356a-457c-9f5c-faca991d63f0,brosbeforehos.world,available,5.99,,38,1,15,name.com,,
1bbdf4b9-b147-4c7c-b610-4156904b77de,clearthrough.world,available,5.99,,44,0,13,name.com,,
1bc05636-30c3-4f7f-9ac5-9d96a3dd5179,postbox.world,resell,,,72,17,8,"Sav.com, LLC - 34",07/12/2025 15:15,07/12/2026 15:15
1bc5e4a6-de09-4471-b0fa-6f2a466e9383,coffeeaulait.world,available,5.99,,72,1,14,name.com,,
1bd81beb-9b73-493b-a863-e5f36d44ad0a,makeout.world,available,5.99,,76,4,8,name.com,,
1befcca7-48d9-40cf-845c-c2f85e1c4d6b,parkertruss.world,available,5.99,,48,1,12,name.com,,
1bf64b02-eb36-4303-9d05-d2db2d8998bf,justthen.world,available,5.99,,62,1,9,name.com,,
1c3b09a0-1337-4b00-b76a-c144e31f67b9,snapped.world,available,5.99,,52,6,7,name.com,,
1c820cd9-7d2f-4af6-a82c-16b0b22f0830,getthegreenlight.world,available,5.99,,52,1,19,name.com,,
1c9e8177-3816-4bbb-8de1-615d0b2d865a,relied.world,available,4.49,41.49,50,3,6,namesilo,,
1c9f9fec-ef78-4a9b-bc1c-2799b43cd28c,Ilostmywallet.world,available,52.98,,50,1,16,namecheap,,
1ca906c5-28b2-400a-99b9-0e87bbc0da61,tapwater.world,available,5.99,,71,7,9,name.com,,
1cb9bd91-0713-4743-820d-d68b192eeb78,hammerhome.world,available,5.99,,70,2,11,name.com,,
1cc096db-3fea-4adf-a1d4-0aa494305d3a,havenousefor.world,available,5.99,,56,0,15,name.com,,
1cd875b8-13c3-4712-bd6a-dadb91673b04,filings.world,available,5.99,,48,8,7,name.com,,
1ce6f0fd-20ac-464e-a778-aaec3cc019dc,performed.world,available,5.99,,58,3,9,name.com,,
1cfc83b2-22ee-456a-af42-72b283c4c408,sedated.world,available,5.99,,43,2,7,name.com,,
1d28f1db-9a4b-48e2-8eea-3a6b52ee7c55,prompts.world,resell,,,54,39,7,"Sav.com, LLC - 4",24/06/2025 15:15,24/06/2026 15:15
1d38947a-74ed-44e1-8b8c-0d066626a9bf,inshorttrousers.world,available,5.99,,58,1,17,name.com,,
1d39bf32-0f90-4112-89b0-223509e200d2,makehappen.world,available,5.99,,80,3,11,name.com,,
1d6d4b76-f0b6-41d6-aab4-969c89728c9e,coffeegrounds.world,available,5.99,,72,2,14,name.com,,
1d7be05b-479f-4ef9-a79b-2e08deace438,scoopthepool.world,available,5.99,,44,1,14,name.com,,
1dc0fe57-f94f-405f-a112-b87fac663182,takeoffice.world,available,5.99,,77,2,11,name.com,,
1dfef45b-8576-4206-9fde-ae3da7972e90,LordMayors.world,available,52.98,,58,2,11,namecheap,,
1e0a2b0e-7289-4cf3-b6b0-65d043e29eb3,voted.world,available,5.99,,54,6,5,name.com,,
1e5768e1-9dd8-40d9-9fbd-230fc75a04de,chapstick.world,available,5.99,,78,5,9,name.com,,
1e5a1eca-d723-44ad-80f3-7a383c1e0272,CountyofWilkin.world,available,4.49,41.49,42,1,16,namesilo,,
1eb30960-79b0-4793-8032-94d5d49dd51f,referred.world,available,5.99,,52,6,8,name.com,,
1ed0873b-4bc1-4c72-abdc-f23dbb0975e7,getoutta.world,available,5.99,,54,1,9,name.com,,
1edf13c5-195f-4133-a386-b8657f9fd6a7,fasttimes.world,available,5.99,,80,3,10,name.com,,
1ef0c6f7-1a91-40dd-b869-89485139af78,trends.world,resell,,,60,32,6,"Chengdu West Dimension Digital Technology Co., Ltd.",16/02/2019 09:10,16/02/2027 09:10
1f146cd1-645c-46d2-8d97-bde196dc2fd9,placeupon.world,available,5.99,,48,1,10,name.com,,
1f2f3d21-64c6-4039-9339-93dca9b8a4e8,CountyofWilkinson.world,available,4.49,41.49,42,1,19,namesilo,,
1f588f9a-1f48-4dff-bd57-6194c80f295c,couldof.world,available,5.99,,49,1,8,name.com,,
1f6049d3-0809-4449-8732-3f622585c37a,dancers.world,resell,,,64,9,7,"DNSPod, Inc.",22/11/2024 17:00,22/11/2026 17:00
1f7872c7-2121-4fca-b6b2-16a7d932f2f8,reflects.world,available,5.99,,50,6,8,name.com,,
1fb2a418-1e7d-459a-b325-7f0047715e79,neighbors.world,resell,,,63,17,9,"Sav.com, LLC - 45",27/09/2025 15:15,27/09/2026 15:15
1fb994df-c1e4-4111-9226-1e805387d37a,finalstraw.world,available,5.99,,66,2,11,name.com,,
1fe5febf-8a1f-47c6-9c07-7bc8f2b69093,lunchwards.world,available,5.99,,68,1,10,name.com,,
1fe88ce0-79f2-475e-b47a-6c672042dd2e,principally.world,available,5.99,,60,1,11,name.com,,
1ffac7dd-51b9-4ad6-9391-72c2e8335dd8,likeitorleaveit.world,available,5.99,,44,2,19,name.com,,
1ffb93a8-9773-41a6-ae79-63c07db832df,abovespecified.world,available,5.99,,54,0,15,name.com,,
20037936-13a8-4879-b30b-78f06d7cbd2d,stepbystep.world,resell,,,62,14,12,"Sav.com, LLC - 15",14/10/2025 15:15,14/10/2026 15:15
2007bc3b-2417-4478-9b98-d92556ed281b,pls.world,resell,,,60,23,3,Netregistry Wholesale Pty Ltd,29/09/2024 17:00,29/09/2026 17:00
20334900-c432-4a08-b060-a24eeacde9f6,coulduse.world,available,5.99,,56,1,9,name.com,,
203f9d12-f008-4c73-bce1-11fc90521306,keepoutof.world,available,5.99,,68,0,11,name.com,,
2049fe14-c4cf-464a-b632-5065389f6c46,pastasauce.world,available,5.99,,79,2,11,name.com,,
20566387-9929-47ec-b278-94da36d3989d,determines.world,available,4.49,41.49,58,1,10,namesilo,,
205c3c29-184b-4a11-86e1-381bfef2adc1,mouths.world,available,5.99,,49,3,6,name.com,,
20890289-f515-4db4-8485-0ea90e4e2a3d,relies.world,available,4.49,41.49,51,2,6,namesilo,,
20a8a162-fe5c-4353-bbab-967c56f352af,electricaltape.world,available,5.99,,64,1,15,name.com,,
20a8d5f0-20bc-4e79-a8df-57126c75271c,estimating.world,available,5.99,,50,7,10,name.com,,
20b11924-6693-4b41-8f38-6752ae0f2a7c,difficulties.world,available,5.99,,70,3,12,name.com,,
20b1e4a7-fb8b-441c-8c2e-cbecd4971f77,cheeseit.world,available,5.99,,54,2,9,name.com,,
20c87bd6-3c36-4741-b216-49685ffe1833,wrists.world,available,4.49,41.49,49,3,6,namesilo,,
20cf7081-b87f-47e3-97de-56d03a3406a8,affections.world,available,5.99,,62,2,10,name.com,,
20d1a30a-53c4-4290-b7b4-f4997295ded5,spinydogfish.world,available,5.99,,60,1,13,name.com,,
20e15d84-3e3c-4da3-9802-00a506b280ef,pickupline.world,available,5.99,,76,2,12,name.com,,
20f34894-17ee-40ae-9d0e-78b6e2a3badf,inspiteofoneself.world,available,5.99,,48,1,19,name.com,,
20f3a39b-1ff0-4051-a306-c117d23c2544,childdevelopment.world,available,5.99,,48,4,17,name.com,,
210bbd63-acd9-4329-92e8-c79c59ac1600,getpastoneself.world,available,5.99,,62,0,16,name.com,,
2141fd1f-54cf-4c16-b3d7-91758f4a9cdf,getoveron.world,available,5.99,,72,1,11,name.com,,
21729997-5e81-4c9a-87cc-1b7bad8becd6,throats.world,available,4.49,41.49,44,2,7,namesilo,,
21923364-b32c-4fa4-9249-39b479241ee5,backs.world,available,5.99,,56,5,5,name.com,,
219e6ad2-f629-4911-b50b-02a8d3337dd9,LordofHosts.world,available,52.98,,54,2,13,namecheap,,
21aa0e32-aa67-4e66-8d5d-6d37b2b695b1,incheck.world,available,5.99,,46,5,8,name.com,,
21e3ddaf-e319-412c-815b-c70b4749746a,rakeout.world,available,5.99,,66,1,8,name.com,,
21eab721-ace2-4606-82c7-5899d506ab65,coffeeandcakes.world,available,5.99,,72,2,16,name.com,,
221d4f9d-0d31-4b94-9b2b-7895a5fc5b83,letonerip.world,available,5.99,,75,1,11,name.com,,
22261257-9990-41ab-afe4-00ff92310b58,adverbs.world,available,5.99,,50,3,7,name.com,,
2227a7db-a91d-4eb0-a205-16b75fa03dcb,manybodyproblem.world,available,5.99,,64,1,17,name.com,,
224528e0-29c8-4256-9473-3c00f2c85085,asprovidedfor.world,available,5.99,,40,0,15,name.com,,
22714eca-1114-4e67-b3e2-7c1fc23c6e07,bands.world,resell,,,52,13,5,"Sav.com, LLC - 20",01/11/2025 15:15,01/11/2026 15:15
2284b6fe-5621-43ab-822e-db41eab9a756,whats.world,resell,,,58,24,5,"DNSPod, Inc.",21/06/2024 15:15,21/06/2026 15:15
2294037b-dbfa-4aba-8d78-c15774a8d136,shoveover.world,available,5.99,,59,1,10,name.com,,
22cdd0db-b3c5-4ef8-967a-544da31e3c1a,reached.world,available,5.99,,62,7,7,name.com,,
22ff7617-9cf5-4ab6-9ca4-5e7353c55e95,vans.world,resell,,,55,17,4,"GoDaddy.com, LLC",20/10/2023 15:15,20/10/2026 15:15
23087ea4-dc9a-4ed4-888e-01a53972b75d,OttomanEmpire.world,available,52.98,,64,2,14,namecheap,,
23591b58-dff8-423a-8f3f-312253124708,leavenocrumbs.world,available,5.99,,70,1,15,name.com,,
235a86a5-2264-4553-abf6-989a18e613cf,letsomethingride.world,available,5.99,,67,1,18,name.com,,
23721706-0721-4cc4-8bad-f43ad9a98d50,watches.world,resell,,,84,19,7,"Spaceship, Inc.",14/01/2015 16:55,14/01/2027 16:55
23b51758-6b6b-4d9f-af2d-dea3aa729fdc,leton.world,available,5.99,,76,5,6,name.com,,
23cc24c2-6521-4bff-a9b8-773b8e5b0ca4,joggingsuit.world,available,5.99,,61,1,12,name.com,,
23d14d5b-c7e9-45c5-8b0a-98c1f5c1f089,officeroutine.world,available,5.99,,43,0,14,name.com,,
23eda2d3-24af-4506-97a0-eca9461d2c65,minimums.world,available,4.49,41.49,52,2,8,namesilo,,
24054bd6-3494-4614-95b6-d888bda70225,choices.world,resell,,,60,12,7,Squarespace Domains II LLC,09/02/2023 07:30,09/02/2027 07:30
244b1fc8-e7e4-43fd-80e4-9bdf0366b010,entered.world,available,5.99,,50,4,7,name.com,,
247ae5c4-a60e-42b0-abb7-89418de72220,observations.world,available,5.99,,56,6,12,name.com,,
247e370e-efb9-4277-bc83-fb7e447298ba,praises.world,available,4.49,41.49,56,3,7,namesilo,,
2480fb0a-f3fd-4eee-b132-c8bec76fed4a,changeout.world,available,5.99,,50,1,10,name.com,,
248cb098-b733-4a22-aba5-ec9185b9e1a1,watched.world,available,5.99,,74,7,7,name.com,,
2493123a-2352-40c1-8336-d88fe390d731,inunison.world,available,5.99,,72,4,9,name.com,,
24994a2a-a82f-4974-9395-81f437192843,commonnouns.world,available,4.49,41.49,54,0,12,namesilo,,
24ce2d25-c087-4a8a-af33-8306b06ebfff,mosquitos.world,available,5.99,,42,5,9,name.com,,
24fa76cd-d908-4edc-b020-43a207c75c65,setforth.world,available,5.99,,72,4,9,name.com,,
253a472e-ee87-4356-93d8-749920d42083,walktheline.world,available,5.99,,68,3,13,name.com,,
254bb0d2-94ca-4007-8d13-7816054a56e4,turnovers.world,available,4.49,41.49,50,2,9,namesilo,,
2591aa0d-164a-4710-bde6-593163e9a8c6,counts.world,available,5.99,,76,8,6,name.com,,
25970dfa-d8e5-4398-8361-7584d4dfb168,seekfor.world,available,5.99,,74,2,8,name.com,,
259a11ae-7d07-4f0b-ac18-5e0c33e74a6f,goonebetter.world,available,5.99,,62,1,13,name.com,,
25b7aaa0-8f1a-46a0-8683-cd6acfc9a4ed,deadon.world,available,4.49,41.49,66,4,7,namesilo,,
25b7bb6f-d2e7-4aaf-83c6-0302f4b36c87,poured.world,available,5.99,,56,4,6,name.com,,
25d0e687-72d3-4455-9b2b-e7b0f070b131,makestrides.world,available,5.99,,78,1,12,name.com,,
2614ba6a-a27d-4ae1-8cbc-88e52396bbd0,settlefor.world,available,5.99,,76,0,10,name.com,,
263b49da-8ef1-4a0a-8720-1eb4de1bcf6a,counterattack.world,available,5.99,,64,3,14,name.com,,
26bee60c-d3f8-4f96-a6f4-06f443bdc692,proxybullying.world,available,5.99,,28,1,14,name.com,,
26bfcd0f-6941-4f9e-8f0c-ba2e04e347c6,suits.world,resell,,,61,13,5,"Sav.com, LLC - 25",25/03/2026 15:15,25/03/2027 15:15
26ecf1f1-801f-48ae-9500-2c61f2d21c0a,runtheshow.world,available,5.99,,73,3,12,name.com,,
275ec622-95e4-4a9b-bf09-af62862b2b00,manuallabour.world,available,5.99,,58,1,13,name.com,,
27780bf5-ab33-47ad-a6e4-4e9938f1cb80,biases.world,available,4.49,41.49,42,3,6,namesilo,,
27a585f3-b8c5-42de-9bd1-9ef6550b86d4,yams.world,available,4.49,41.49,56,10,4,namesilo,,
27b1a20b-57b2-4820-a208-a0117c4651dd,votes.world,resell,,,60,11,5,"Sav.com, LLC - 32",13/08/2025 15:15,13/08/2026 15:15
27bdf21d-1ac7-4ece-ab85-cd9a6983f27e,howthedevil.world,available,5.99,,40,0,13,name.com,,
27d90879-dea4-4221-987c-754094ad8a05,goalongwith.world,available,5.99,,70,1,13,name.com,,
281cc3e7-87b8-46fa-830b-2f985b8a653d,bubbles.world,resell,,,72,21,7,"Sav.com, LLC - 8",29/05/2025 15:15,29/05/2026 15:15
284befd7-0dc5-4d03-9975-d4cdb62135fb,godowninhistory.world,available,5.99,,68,1,18,name.com,,
2866612c-9be6-49da-9e00-f8fd37a18b59,herbbutter.world,available,5.99,,80,1,11,name.com,,
286d40d6-3a0c-4905-abbd-c723d08bef5f,gowiththeflow.world,available,5.99,,82,7,16,name.com,,
2870d167-9b9b-4803-a0f8-94e9f4ca97b9,wanttobet.world,available,5.99,,62,1,11,name.com,,
2871db0c-24c2-4acb-8908-77885c964a45,scoopup.world,available,5.99,,68,3,8,name.com,,
2887eee3-efaa-41a4-a2dc-85865d12c741,getupandgo.world,available,5.99,,70,3,13,name.com,,
288ca2c1-22d3-4695-87ed-966396543c33,comeinuseful.world,available,5.99,,68,0,14,name.com,,
288e6192-a074-41e2-a653-e890ac9ab146,takeaways.world,available,5.99,,56,5,9,name.com,,
28a2b454-df44-4e6a-a96e-3c54a62f475b,privateeye.world,available,5.99,,53,4,11,name.com,,
28a3de0a-aabe-4223-9fb8-74e0dbd037f7,softsell.world,available,5.99,,72,3,9,name.com,,
28f81a3f-5d09-46c6-bda1-6e4df7f028bd,cuddleup.world,available,5.99,,89,4,9,name.com,,
28f91c0e-6f2b-43cc-b6ef-32fc627090ca,gingerbreadcookie.world,available,4.49,41.49,52,1,18,namesilo,,
29128c6e-0257-4108-b0e3-e3f31bc07a17,dothemath.world,available,5.99,,72,4,11,name.com,,
292fdb5c-ca70-4f33-a85a-1b0ac77f4f99,gobankrupt.world,available,5.99,,68,2,11,name.com,,
2965cdb2-eb99-4242-9adc-135aff1df9c5,executiveprivilege.world,available,5.99,,62,1,19,name.com,,
2971fc41-b412-486e-bff6-82b2d33eb90c,gobackto.world,available,5.99,,76,2,10,name.com,,
298d55af-f559-4d19-a32f-741fb7367d34,getoffeasy.world,available,5.99,,58,1,12,name.com,,
29bdf898-8ee5-407f-bb82-eed40ab41af1,chickenstrips.world,available,5.99,,74,2,14,name.com,,
29f7265d-52ff-4d11-b14b-476a7d27933d,havethefoggiest.world,available,4.49,41.49,54,1,17,namesilo,,
2a02c623-a940-44f5-b4f2-e57403bd00c8,midautumn.world,available,5.99,,80,2,9,name.com,,
2a17e614-ca94-40f4-8534-36b2a1de2418,thewholeshop.world,available,5.99,,42,1,14,name.com,,
2a201af4-b4db-4131-b653-7b05ae9c0822,macandcheese.world,available,5.99,,72,4,14,name.com,,
2a424448-a35e-40a6-aa69-3d61d102f9b1,asperusual.world,available,5.99,,48,1,12,name.com,,
2a526617-b037-4fae-8a8b-ef9b03a492b6,getsomeair.world,available,5.99,,77,1,12,name.com,,
2ad31785-b0d6-4bec-8c2f-2561e6a91106,godownfighting.world,available,5.99,,44,1,16,name.com,,
2add82a1-5554-406d-8d19-a9b44b84ef01,matcha.world,resell,,,86,39,6,"Chengdu West Dimension Digital Technology Co., Ltd.",21/03/2020 04:13,21/03/2027 04:13
2af58bde-d346-4a66-b9bc-8fd79ecd2c97,remarks.world,available,5.99,,56,6,7,name.com,,
2b4edc73-c09f-4bcf-8c23-7c6a4c72bad9,survived.world,available,4.49,41.49,54,5,8,namesilo,,
2b5dd6bf-73ab-4336-bfff-747105a999b5,comes.world,available,5.99,,70,8,5,name.com,,
2b75a546-6390-48c6-bd86-b7f58ae42317,justgone.world,available,5.99,,61,2,9,name.com,,
2b8d615c-6886-447c-b407-f9004aedef71,scoopin.world,available,5.99,,68,1,8,name.com,,
2bcf716b-07d7-434c-89a4-73e2a445b376,coffeecake.world,available,5.99,,80,2,11,name.com,,
2c1e4b68-ac47-456c-bae1-963c49833c4b,Acup.world,available,52.98,,80,5,5,namecheap,,
2c41bb92-d704-4198-85ba-730e7e6c0c8c,enterthescene.world,available,5.99,,62,1,15,name.com,,
2c5997d4-098c-4d4e-8b21-99b9078f8a97,types.world,available,5.99,,54,14,5,name.com,,
2c6560ca-11b1-4d8e-84ff-667f8d5fb519,tech.world,resell,,,86,48,4,Porkbun LLC,28/03/2016 22:30,28/03/2027 22:30
2c740edc-5e0a-4956-b2cb-0e4453727820,planes.world,resell,,,67,13,6,"Sav.com, LLC - 19",30/07/2025 15:15,30/07/2026 15:15
2c7cc511-6625-407b-adeb-0bae8fe85793,succeed.world,resell,,,88,15,7,"Sav.com, LLC - 21",14/02/2026 15:15,14/02/2027 15:15
2c7d68c6-5fe7-45e7-91da-0991bd555b90,hillclimbing.world,available,5.99,,68,2,13,name.com,,
2caa74d2-efbb-438a-9e52-a590755d5e45,toneup.world,available,5.99,,80,5,7,name.com,,
2ce18352-1a7b-44e7-8952-de03c83f919b,letoffsteam.world,available,5.99,,76,1,13,name.com,,
2ce85c35-7aff-4ea2-a38f-5367c48db8c0,stepoff.world,available,5.99,,68,2,8,name.com,,
2d0b5976-eaa9-4a22-8198-48c618f98f94,rolemodel.world,available,5.99,,85,6,10,name.com,,
2d878ce7-04ff-4266-b78e-355a23330e21,deeplearning.world,resell,,,74,23,13,Dynadot Inc,05/07/2025 17:00,05/07/2026 17:00
2da17c23-0a50-42c7-b4a1-71ce3ae3ae4d,fishes.world,available,5.99,,66,6,6,name.com,,
2da3a352-a602-4608-86c9-255fa2570f88,doesone.world,available,5.99,,52,0,8,name.com,,
2dee0c1d-2286-450b-8b09-56596f28e9a7,privatestock.world,available,5.99,,64,5,13,name.com,,
2deff8f6-218d-4364-a4a8-1e4f595416ea,majorityminority.world,available,5.99,,42,0,17,name.com,,
2e0be191-9d88-484a-b6c5-550cc50664ec,costcontainment.world,available,5.99,,42,2,16,name.com,,
2e2e71c4-f0eb-4c2b-a2b0-181b431c4d49,letitsnow.world,available,5.99,,69,4,11,name.com,,
2e58b4a9-7a66-4ca8-a5b6-236b2592920a,behindbars.world,available,5.99,,60,6,11,name.com,,
2e7dc544-cb09-4b38-8254-1cf0b2963364,commonterm.world,available,5.99,,68,1,11,name.com,,
2ea63a65-cc0d-4704-8779-75d094f351bf,oaks.world,resell,,,53,16,4,"Sav.com, LLC - 37",23/07/2025 15:15,23/07/2026 15:15
2ed06701-3e9e-46ba-bf29-12abeb0ff91f,turds.world,available,5.99,,38,3,5,name.com,,
2eea53bf-2e13-4798-bb45-e62c4bba2879,getup.world,resell,,,82,14,6,"Sav.com, LLC - 44",25/11/2025 15:15,25/11/2026 15:15
2f00cce5-c701-4ed0-b6d1-4c9decb510fe,wagons.world,available,4.49,41.49,52,4,6,namesilo,,
2f0a5395-5784-4372-b144-9e16793b5031,slideshow.world,available,5.99,,72,8,10,name.com,,
2f3ad332-e8fc-490f-a87a-e8ea40023288,precautions.world,available,5.99,,48,2,11,name.com,,
2f45ad1a-d6d5-4b29-bf27-8c05f8501c97,provinces.world,available,5.99,,54,2,9,name.com,,
2fa4adc1-2e93-4505-9e05-481f0353e569,changeover.world,available,5.99,,68,5,11,name.com,,
2fbdfa82-0257-413a-9b5c-b7303e2a1d9c,sameoldstuff.world,available,5.99,,34,1,14,name.com,,
2fedecb1-c9ac-46d5-9c0a-4071913c7b5d,MiddleEasterner.world,available,52.98,,62,1,16,namecheap,,
301e8719-9e04-45f7-a5be-5b984d9ca859,getstuckinto.world,available,5.99,,64,0,14,name.com,,
3036f6a6-be4e-4ae2-a24b-f2aad0550452,brings.world,available,5.99,,52,8,6,name.com,,
307619bb-648d-49a5-b559-4df8ca47381f,dogstail.world,available,5.99,,94,1,8,name.com,,
30773635-e21e-4a98-8962-9312fb36e028,stores.world,resell,,,62,20,6,"DNSPod, Inc.",09/12/2019 08:57,09/12/2026 08:57
3088310a-56fb-420e-a01f-8329f7357119,tbsp.world,available,5.99,,63,5,4,name.com,,
308bc7c3-6119-41bb-8d1e-54cf3adb94e5,inorderfor.world,available,5.99,,60,0,12,name.com,,
30946707-4333-456a-b229-b07c901e63a9,devoured.world,available,4.49,41.49,40,3,8,namesilo,,
30adb024-ba95-4cc4-a6f6-b78e0fc85b05,phases.world,available,5.99,,54,10,6,name.com,,
30d28c4d-c773-4bdb-a29b-092f5bd87292,AcademyAward.world,available,52.98,,76,1,13,namecheap,,
315815e7-205d-44a5-8a87-d2c86ef6bc0e,rarest.world,available,4.49,41.49,56,5,6,namesilo,,
316d88e3-952f-4ccd-a6d7-92aea65009af,childclass.world,available,5.99,,50,1,11,name.com,,
316f4925-9760-494c-912e-c2ed8b7a0aa3,cometoanend.world,available,5.99,,62,1,14,name.com,,
31d77733-b37a-4fc0-9fe2-e8d9846c7565,relevance.world,resell,,,76,12,9,"Sav.com, LLC - 41",23/02/2026 15:15,23/02/2027 15:15
31d8548f-8b08-47d7-8bec-a8ae060f1a2b,manysplendored.world,available,5.99,,60,2,15,name.com,,
31de558a-f895-437e-94de-b1e018f0b883,notalittle.world,available,5.99,,60,1,12,name.com,,
31ed8f4a-60e3-465f-9c0d-3cabfb204f04,economyclass.world,available,5.99,,66,3,13,name.com,,
32074b3c-188f-4b19-b098-9584ea07d355,pullover.world,available,5.99,,74,4,9,name.com,,
3272d63e-304d-4410-99c3-959d2342b975,sellthrough.world,available,5.99,,64,2,12,name.com,,
3277f427-07c2-418d-a9b8-4efab877f060,LordofChristmas.world,available,52.98,,54,1,17,namecheap,,
329c3893-5c2d-450f-bfa4-9b87d77ef1a9,fishtail.world,available,5.99,,68,5,9,name.com,,
32a7ca35-0b6b-4a78-bbf5-f54827a8fa1f,roofs.world,available,5.99,,50,11,5,name.com,,
32ba20ae-cddc-4783-b81f-ad2261b98631,toes.world,available,5.99,,58,8,4,name.com,,
32c1dc40-bbcb-4350-abfd-50a4d725bd57,flips.world,available,4.49,41.49,52,12,5,namesilo,,
32c5fe92-6621-407c-8bca-998479b4774f,sentences.world,available,5.99,,60,5,9,name.com,,
32d85497-a530-4c1c-b372-eca977212c77,expects.world,available,4.49,41.49,50,3,7,namesilo,,
3306a017-8744-40f2-8313-74a0aaa60996,clearthetable.world,available,5.99,,64,1,15,name.com,,
3359290b-d0ed-4b5e-92c7-1c1cc4007b91,plateup.world,available,5.99,,74,2,8,name.com,,
3366db45-be93-45fd-8686-af15cd59eff6,inmyview.world,available,5.99,,48,2,10,name.com,,
337dbfff-944f-4aa9-b8ea-bf7c82679996,gowalking.world,available,5.99,,50,2,10,name.com,,
3383ac36-298e-4bd9-8f71-026f26b72dc7,Imustgo.world,available,52.98,,58,1,9,namecheap,,
33ae9878-80b5-40b5-99d8-3ad94e921c09,compilation.world,available,5.99,,68,7,11,name.com,,
33b0fae5-6caf-4467-85e8-19c609c54d74,worldsapart.world,available,5.99,,64,3,12,name.com,,
342969c7-6ce8-4b68-b85c-3753d0c185b5,massages.world,available,4.49,41.49,61,10,8,namesilo,,
34344b09-5c82-4944-be0f-dea3d0a12054,opinions.world,resell,,,62,11,8,"Sav.com, LLC - 5",21/09/2025 15:15,21/09/2026 15:15
3468557e-ced9-4370-883b-7572f232319b,rumcake.world,available,5.99,,81,3,8,name.com,,
346ec559-9ce4-422e-a94a-c4045b16436e,dollars.world,resell,,,64,12,7,"Xiamen ChinaSource Internet Service Co., Ltd",19/07/2025 15:15,19/07/2026 15:15
34a0f810-60ce-4b39-835e-1a605dca6180,recalled.world,available,5.99,,62,4,8,name.com,,
34aeacbd-4e12-40ff-9c64-fb051f487b2b,cuttherug.world,available,5.99,,76,1,11,name.com,,
34bd7db5-8ac6-4289-b5c3-8178faf98ec9,rarer.world,available,4.49,41.49,52,3,5,namesilo,,
3534411b-57aa-452c-a71f-65215cb88c1f,servants.world,available,5.99,,54,4,8,name.com,,
353fcb19-1e58-4ca8-90af-90303211e1ca,manycore.world,available,5.99,,68,3,8,name.com,,
355380ed-5bd2-4e85-b749-fcb49fbe1439,droppingin.world,available,5.99,,70,2,11,name.com,,
355ea783-6300-4232-a32b-8053c5861320,ofan.world,available,5.99,,44,4,5,name.com,,
356c5754-32f3-4ada-8643-3c1fb65d4599,notsomuch.world,available,5.99,,46,1,11,name.com,,
3589ad3b-f350-4b86-aef1-96275a7f18dd,keepclear.world,available,5.99,,58,2,10,name.com,,
35b25e6d-255b-4985-9466-338bd6fa3920,herbs.world,resell,,,62,22,5,"DNSPod, Inc.",10/10/2020 14:34,10/10/2026 14:34
35bfae8e-69fc-404a-8557-d0abbaac41ff,childrapist.world,available,5.99,,38,1,12,name.com,,
35f650d5-45b0-4d92-8618-35f8e1226e4c,letthemhaveit.world,available,5.99,,47,1,16,name.com,,
36087176-675f-4d47-82ae-71d2d37c40f8,oaktrees.world,available,4.49,41.49,56,3,9,namesilo,,
3623e3da-860c-4cd8-bfbd-6a018cb4ed9c,chicken.world,resell,,,68,34,7,Porkbun LLC,31/03/2017 14:57,31/03/2027 14:57
3634800c-575b-4150-9361-fbcb9adb2040,specializing.world,available,4.49,41.49,52,2,12,namesilo,,
36436afb-2b62-4727-bfd8-500e3b77a3de,getthehint.world,available,5.99,,74,1,12,name.com,,
36683d52-49d3-4f09-aedf-e6ac118eb24d,sits.world,available,5.99,,54,10,4,name.com,,
36964a4e-d59f-49ec-8652-2084592b3cb7,justplainfolks.world,available,5.99,,64,1,16,name.com,,
369bb6e6-cb47-47c6-b6ba-3f6c32157cc4,shovels.world,available,4.49,41.49,47,5,7,namesilo,,
36bc10ee-c3a2-4a2f-ab60-c7a6124a47b0,newsstation.world,available,5.99,,52,3,12,name.com,,
36c693df-721e-41eb-af68-c3c448e6336e,missionimpossible.world,available,5.99,,68,5,18,name.com,,
36c88347-30e6-4696-a9f7-6c798dc41db8,seas.world,resell,,,58,13,4,"Sav.com, LLC - 5",01/11/2025 15:15,01/11/2026 15:15
36e18eae-72ca-47cc-bd43-4e5e2a50d58e,inthewayof.world,available,5.99,,44,0,13,name.com,,
36f67a2b-d9ac-42bc-b4f2-bead1ef66fb3,hangwith.world,available,5.99,,70,2,9,name.com,,
370479d6-fae7-430d-8917-019f23da396c,getthrough.world,available,5.99,,79,2,11,name.com,,
37074ca2-bd85-459f-abc5-951cb592cf66,feb.world,resell,,,70,10,3,"Sav.com, LLC",27/02/2026 17:01,27/02/2027 17:01
370f927d-0ea5-4aff-8132-b6d3fdb35060,flashflooding.world,available,5.99,,52,0,14,name.com,,
3713b06c-62c9-4531-9300-989015b6da13,CountyofHawaii.world,available,52.98,,50,1,16,namecheap,,
372ed7ff-848e-4b70-b779-57fc3cd02bb0,collarbones.world,available,4.49,41.49,48,1,11,namesilo,,
37412d00-b34b-4a01-9afc-dac792bce2f4,aloevera.world,resell,,,80,10,9,"Sav.com, LLC - 6",25/11/2025 15:15,25/11/2026 15:15
37546c5f-c997-4496-8e6e-6a941b61f55c,offices.world,resell,,,60,16,7,"Sav.com, LLC - 29",16/07/2025 15:15,16/07/2026 15:15
37b28cef-fbe7-4530-ad4c-2a5fc5f4a9b6,slipitto.world,available,5.99,,64,1,10,name.com,,
37b585f7-7924-491e-8ce7-6cf22313fa6d,enlightenment.world,resell,,,62,18,13,"GoDaddy.com, LLC",17/01/2018 12:25,17/01/2027 12:25
37f36cb6-1269-4cb6-8990-c118291ee72e,pairofshades.world,available,5.99,,65,0,14,name.com,,
3806b7d6-19d9-4b8d-a38f-68934d21fd28,intheway.world,available,5.99,,70,3,10,name.com,,
3842d8ae-9cac-41e8-a760-ebc8944c9172,getturnedaround.world,available,4.49,41.49,64,1,17,namesilo,,
384a7d63-b342-4b57-801b-7b526226932f,letthebuyerbeware.world,available,5.99,,67,0,20,name.com,,
3867f528-c794-4232-80d2-82c635497b71,moveforward.world,available,5.99,,76,9,12,name.com,,
387b2b50-390d-47c1-a79b-d439737f3dcb,Iswear.world,available,52.98,,58,2,7,namecheap,,
38912f61-24f3-4698-97e2-745313201985,participants.world,available,5.99,,58,7,12,name.com,,
389c70aa-fe3e-47b3-9361-525e197047ba,collections.world,resell,,,48,14,11,"Sav.com, LLC - 22",26/07/2025 15:16,26/07/2026 15:16
389fca35-c03a-4e76-a2d9-52900a4b615b,vacations.world,resell,,,56,19,9,"Spaceship, Inc.",10/11/2024 15:15,10/11/2026 15:15
38a01d93-81b8-4941-849f-a3e1e044c781,thefixisin.world,available,5.99,,38,1,13,name.com,,
38c31e91-dba9-4943-800f-d04282466d7c,holdingthecards.world,available,5.99,,44,1,17,name.com,,
38c68bda-eacd-4af5-8927-c77506b05a2f,filesize.world,available,5.99,,64,2,9,name.com,,
38d8c345-bc56-48d5-9e53-487f06645cf8,onlyjust.world,available,5.99,,49,2,9,name.com,,
3922efa1-00d7-437e-8d24-adaaf7f9dca8,makesomethingof.world,available,5.99,,70,0,17,name.com,,
399983e7-b75e-4686-8846-2062c3becdcf,successively.world,available,5.99,,56,0,12,name.com,,
39b1b43b-50fa-4060-9de7-407523b15f46,CountyofSussex.world,available,52.98,,44,2,16,namecheap,,
39cd3d50-d145-4435-871e-cbc03ba6c173,ladiesandgentlemen.world,available,5.99,,70,3,20,name.com,,
39ddf014-e46d-45cc-b35c-ae7e73d62d7a,razorburn.world,available,5.99,,60,1,10,name.com,,
3a40d8af-333f-4444-b643-f2fdfa60e391,gostrong.world,available,5.99,,74,4,9,name.com,,
3ac0d3a2-5f52-40cd-b88d-a378ecbb86d6,faintest.world,available,4.49,41.49,56,1,8,namesilo,,
3ae3a8b5-e3f1-488c-b773-32503e4bf716,proves.world,available,5.99,,56,3,6,name.com,,
3b4aa5de-a2ca-4ce2-9c57-b8dc6479d5b9,manystemmed.world,available,5.99,,68,1,12,name.com,,
3b73cffe-4ff0-479c-81fe-bd5b1a00d8fe,turns.world,available,5.99,,62,7,5,name.com,,
3b7e709e-6b8e-4291-a688-5db106b42711,stirup.world,available,5.99,,82,3,7,name.com,,
3bbfbcd2-ca48-4846-b4c8-2f2cd2baa569,redial.world,available,5.99,,71,6,6,name.com,,
3bc85d9f-30fb-4e40-b09b-ba1b931f1190,suspecting.world,available,5.99,,48,1,10,name.com,,
3bc9f18d-cae4-44e0-a1eb-e235c085d0c3,speaks.world,available,5.99,,51,9,6,name.com,,
3be1e785-df41-4571-aadb-26d1ec684ee6,gobackalongway.world,available,5.99,,66,1,18,name.com,,
3bf59735-fc27-456e-844c-81e7ab342111,tospare.world,available,5.99,,54,0,8,name.com,,
3c245a86-814a-4fe5-a4ea-025f1a22ca8a,ingredients.world,resell,,,56,14,11,"Sav.com, LLC - 18",04/01/2026 15:15,04/01/2027 15:15
3c30b8de-96b8-4927-969c-609bf1782591,surebet.world,available,5.99,,82,8,8,name.com,,
3c39770f-56aa-44d1-8378-ebe553ce5298,easy.world,resell,,,84,68,4,Porkbun LLC,31/03/2016 10:02,31/03/2027 10:02
3c4e0c93-d84c-4889-b59b-53accbc38dfb,getoutofDodge.world,available,52.98,,62,1,16,namecheap,,
3c825b4a-17b8-4216-9795-566d700764df,takenotes.world,available,5.99,,74,5,10,name.com,,
3cc25409-8f3b-476f-969d-273e153bdc4e,strikeablow.world,available,5.99,,70,0,13,name.com,,
3cc4f807-3971-4630-9925-23296a01c9e7,thanksaton.world,available,5.99,,62,1,12,name.com,,
3ce99a83-a9ec-4cf5-a419-6ea323e12754,aboutfaced.world,available,5.99,,48,1,11,name.com,,
3d0db206-5549-4d98-8555-71727b20eba1,backwhen.world,available,5.99,,54,3,9,name.com,,
3d10c101-a747-47bb-93a8-7dbbf310cafe,daughters.world,resell,,,60,8,9,"Sav.com, LLC - 41",21/09/2025 15:15,21/09/2026 15:15
3d15de3c-8b28-4e12-8532-17cf398b0be0,baseplate.world,available,5.99,,66,7,10,name.com,,
3d58d016-7321-44d1-b24f-c75659bbc89e,gosteady.world,available,5.99,,70,3,9,name.com,,
3dd7e3c3-b8c8-43c0-a6b7-c6e036eec919,thanksbe.world,available,5.99,,60,1,9,name.com,,
3ddb6302-3c12-4a5b-a114-27cb6d28cb84,counterterrorism.world,available,5.99,,52,3,17,name.com,,
3e0de8fe-3195-4fdf-ba29-c8a081c0d47c,disobedience.world,available,5.99,,64,3,12,name.com,,
3e0ee61c-2fa0-4cf0-b640-0ccf1c5fbe7c,sailed.world,available,5.99,,76,4,6,name.com,,
3e25ad23-2a86-4f2d-b9a7-39442806b576,hits.world,resell,,,62,16,4,"Sav.com, LLC - 29",02/12/2025 15:15,02/12/2026 15:15
3e2aef1e-2684-451d-a717-5af55965485d,breastmilk.world,available,5.99,,74,4,11,name.com,,
3e2c1a3d-d645-4bab-b2cb-9ade7d2bb523,screenshots.world,available,4.49,41.49,49,9,11,namesilo,,
3e328087-305e-4ddb-88eb-91aa30636ab2,terracotta.world,resell,,,72,12,11,"Sav.com, LLC - 31",06/02/2026 15:15,06/02/2027 15:15
3e51c713-a100-4697-891e-2223f1a46958,pairofstairs.world,available,5.99,,65,1,14,name.com,,
3e9e1801-6117-4fec-aa05-c4ac97b8f597,forests.world,resell,,,60,11,7,"Spaceship, Inc.",23/03/2026 08:01,23/03/2027 08:01
3ea584a0-d8c4-4222-afd0-08994301cfa3,factories.world,available,4.49,41.49,54,7,9,namesilo,,
3edeaad5-16de-41f7-a1fd-3a2306a937b4,ibanking.world,available,4.49,41.49,76,7,9,namesilo,,
3f0e77bf-e8aa-405b-b02a-e067db0a85ef,getmarried.world,available,5.99,,88,5,11,name.com,,
3f12684e-df06-4a84-a310-51910ef6308a,hammerout.world,available,5.99,,70,1,10,name.com,,
3f366ffa-8c84-42a2-b42d-88c1f3ebc8bd,grandparents.world,available,5.99,,68,5,12,name.com,,
3f3e2ec1-bb70-488a-a196-8ac09b8d0c57,haveityourway.world,available,5.99,,56,6,16,name.com,,
3f406481-c7cc-43b2-a380-b168c97d2b58,forces.world,available,5.99,,82,12,6,name.com,,
3f4af072-78c1-4351-82f2-e2697dadc2d0,predilection.world,available,5.99,,70,2,12,name.com,,
3f6b9494-15c5-479e-85e4-67b9c33193c2,makeknown.world,available,5.99,,78,4,10,name.com,,
3f71208c-5303-4883-a479-4d19849a8865,bottles.world,resell,,,62,12,7,"Spaceship, Inc.",23/03/2026 07:42,23/03/2027 07:42
3f7f73b8-f885-4f5a-a20a-605c4fed3165,electricalfield.world,available,5.99,,62,1,16,name.com,,
3f898259-9cc0-4b39-99aa-f46677ed47a8,ventured.world,available,5.99,,60,6,8,name.com,,
3f8de973-92d5-4fbc-bdcb-0ec80c5ec237,modernschool.world,available,5.99,,48,2,13,name.com,,
3f996f47-1b37-4a54-a659-4bf958b842a0,roastpork.world,available,5.99,,76,1,10,name.com,,
3fa41f16-4d9b-42ef-b00b-414337be4e8a,salts.world,resell,,,56,7,5,"Sav.com, LLC - 43",29/09/2025 15:16,29/09/2026 15:16
3fbb186e-cd52-41c5-ba05-ce1abcc6e488,comeround.world,available,5.99,,76,1,10,name.com,,
3fcbba74-7d74-4a07-b0dd-9d6449bc2d37,murmured.world,available,5.99,,56,2,8,name.com,,
3fd95df1-73f1-4509-8e19-062e64133d74,approached.world,available,5.99,,50,2,10,name.com,,
3feb3042-fd85-4e7c-848c-e4b422e6dae4,bicycles.world,resell,,,68,9,8,Dynadot Inc,25/06/2015 09:13,25/06/2029 09:13
3ffd231b-4509-40c1-96bd-1bafdde294b9,conducted.world,available,5.99,,54,2,9,name.com,,
4001698d-23a3-4376-a05c-8534062d0e72,CountyofSpencer.world,available,4.49,41.49,42,1,17,namesilo,,
4043b3d6-1d4c-4093-abee-3574d5a5e749,inthisinstance.world,available,5.99,,44,1,16,name.com,,
40696ba7-8b02-48e9-b9b4-b13942dec863,keepwatch.world,available,5.99,,70,5,10,name.com,,
406b60d5-fbda-4528-a346-513649e3c92d,nothanksto.world,available,5.99,,58,0,12,name.com,,
406f9288-97ed-4ce9-b96a-77c376f03bf9,sizes.world,available,4.49,41.49,50,5,5,namesilo,,
4085d17c-6e16-4c20-8d2e-9902494cc5bc,pizzaslice.world,available,4.49,41.49,56,4,11,namesilo,,
40a9a9b1-e270-4b0a-95ee-f9158db833e0,leavenotrace.world,available,5.99,,68,4,14,name.com,,
40ad4acd-d1e7-4a7e-b842-a0fcdca5db19,standupguy.world,available,5.99,,72,2,12,name.com,,
40afc6a5-1b15-4132-a595-676fe5c98a6d,closeones.world,available,5.99,,52,1,10,name.com,,
40b84b1f-4a73-4c45-8398-cf8062d1f890,makeinteresting.world,available,5.99,,72,1,16,name.com,,
40df4cea-d44d-4354-a556-2cc08b59a4dc,comethrough.world,available,5.99,,78,1,12,name.com,,
41077bb4-1816-4ecd-ad45-5db4f717afee,estimates.world,available,4.49,41.49,50,7,9,namesilo,,
412d071b-28b2-40f9-ad2c-5f929de226fc,surveys.world,resell,,,56,15,7,"Sav.com, LLC - 28",22/04/2025 15:15,22/04/2027 15:15
413f79ec-5710-400e-afff-7630dfc5a988,gonowherefast.world,available,5.99,,50,1,15,name.com,,
41c9ff3a-de81-4115-ab96-30b84cc45c8e,cabins.world,available,4.49,41.49,58,9,6,namesilo,,
41d80ff1-0b82-42a3-b96a-994f56dc2efc,Ifeelyou.world,available,52.98,,58,4,10,namecheap,,
41d8ee5b-a4cd-4b7f-a3f8-c0842379ef59,backbreaking.world,available,5.99,,54,1,13,name.com,,
4209cb94-8456-46aa-ae12-3afc8286da0d,pairofpliers.world,available,5.99,,62,0,14,name.com,,
420af0e5-97ec-4840-8b3c-18cce9569ed8,entertheequation.world,available,5.99,,62,0,18,name.com,,
4227c6d6-b350-41af-af8e-9acfe8b5afd8,YankeeDoodle.world,available,52.98,,63,2,13,namecheap,,
42405dc3-39f9-434d-9362-d412d90bf5ad,supports.world,available,5.99,,64,12,8,name.com,,
4291f66e-8e42-45b1-89d9-f506a1d086c4,costofgoodssold.world,available,5.99,,62,1,18,name.com,,
42b62592-fdd1-4787-90b1-8f70fc665dea,postcards.world,resell,,,50,11,9,"DNSPod, Inc.",13/11/2023 15:15,13/11/2026 15:15
42c2a30e-5f7c-49f2-9a63-b66a6ee52513,offcampus.world,available,5.99,,67,7,10,name.com,,
42cbc282-7211-444b-81ca-ada3684de190,results.world,resell,,,59,22,7,"Sav.com, LLC - 34",07/04/2026 15:15,07/04/2027 15:15
42f9e9d3-dddd-4bbb-a246-5ab29c99ae9e,beaches.world,resell,,,72,14,7,"Sav.com, LLC - 11",21/03/2026 15:15,21/03/2027 15:15
4304f43e-c65a-483c-b074-940b0c5100b8,preferences.world,available,5.99,,80,7,11,name.com,,
4307c052-4aa6-4594-a0ce-17a22d4e726a,windowdisplay.world,available,5.99,,42,2,14,name.com,,
4308bc61-beec-4bd8-b56d-462f00564e55,porkroast.world,available,5.99,,59,0,10,name.com,,
433ff1ec-7231-4822-948c-817db4a0f3d4,provided.world,available,5.99,,48,3,8,name.com,,
439f2048-52e9-4a1a-acf0-7d928e36a639,stoppers.world,available,4.49,41.49,52,3,8,namesilo,,
43d1fecc-b380-4e04-8f67-84c5e3abe0f1,finalsalary.world,available,5.99,,66,1,12,name.com,,
43d51b1e-baba-412a-baad-844d275ace62,Ideclare.world,available,52.98,,58,3,9,namecheap,,
43d5e08a-da03-4da0-86ad-cfd4583368d7,natives.world,available,5.99,,56,9,7,name.com,,
43ee3b3d-0488-4cbb-a39b-608238b8865a,slightest.world,available,5.99,,56,1,9,name.com,,
43f402bc-4a73-444f-ba7c-b47d03f9af71,AcademyAwards.world,available,52.98,,68,3,14,namecheap,,
43faa857-117f-442a-af87-c59332c5d0c8,screwdrivers.world,available,4.49,41.49,52,4,12,namesilo,,
44063b86-677c-4f5e-8bf5-3d60ec5717e5,fours.world,available,4.49,41.49,68,8,5,namesilo,,
440ca8cc-0773-47a7-b695-41adc83fa798,Iamadoctor.world,available,52.98,,50,1,13,namecheap,,
440f8aed-8ff7-41e0-b39d-f6e5d09f2020,fellowmelad.world,available,5.99,,62,1,13,name.com,,
443c88b6-fe7e-4842-a028-1dd333fddfbb,setin.world,available,5.99,,68,5,6,name.com,,
444103e0-5e66-4815-ba68-d4467feda83a,devoting.world,available,5.99,,56,2,8,name.com,,
444a29ee-cab7-4540-9157-ea8a9e7608b8,keyserver.world,available,5.99,,70,4,10,name.com,,
445563c0-850f-4fd5-8bab-838b81516a40,jaguars.world,available,4.49,41.49,62,9,7,namesilo,,
446c87f6-b029-4e9f-b35c-a7dfba7a90bb,besupposedto.world,available,5.99,,60,1,14,name.com,,
44bbf671-ccfa-443a-8d1b-3156610de5aa,couldnotcareless.world,available,5.99,,38,0,19,name.com,,
450bd1d3-64bc-41bc-b3e0-34356356957d,uptoanything.world,available,5.99,,52,1,14,name.com,,
4518730f-ce4d-4ec2-b4d0-3d2992cd36c2,rages.world,available,4.49,41.49,40,4,5,namesilo,,
451e32a7-2f0f-4c9b-a3f8-a14fc7bbb59f,tornadoes.world,available,5.99,,50,2,9,name.com,,
45245d55-37c8-414e-b6be-8e3d5bbc48ae,advantages.world,available,5.99,,64,5,10,name.com,,
45d1df37-bb13-48a0-8d60-ec51e2916ec1,justifications.world,available,4.49,41.49,44,1,14,namesilo,,
45f5cd09-658c-46c9-bfeb-4ce5f3634267,behindschedule.world,available,5.99,,38,1,15,name.com,,
463498fd-b833-4c27-b499-c39f91a643b8,grandchildren.world,available,5.99,,60,3,13,name.com,,
46498615-c5f8-4069-9374-b0ea986cd97c,SuezCanal.world,available,52.98,,58,3,10,namecheap,,
464d3d75-4004-431e-a19d-207bb318c56e,deeppockets.world,available,5.99,,78,3,12,name.com,,
468e36df-0070-4874-88c0-16e87d648ab4,executivedirector.world,available,5.99,,56,2,18,name.com,,
46c11679-97b2-4789-9a15-db10484c6fd7,snowstorms.world,available,4.49,41.49,50,2,10,namesilo,,
46d0b143-7be8-4454-91df-bc764bbf0a34,abovethescroll.world,available,4.49,41.49,40,1,16,namesilo,,
47666585-f832-4d4c-8b8f-246d84e37d21,owning.world,available,4.49,41.49,52,7,6,namesilo,,
47a2c7d7-bade-4459-a821-2a94d82a553d,commented.world,available,4.49,41.49,48,2,9,namesilo,,
47a31927-72e1-410b-ae82-d2c0657c979f,smashdown.world,available,5.99,,58,2,10,name.com,,
47b7c431-81aa-4ee6-8905-2c98c9988adc,letslide.world,available,5.99,,76,1,9,name.com,,
47d3b269-ea0e-444d-a65e-d9b3ee5de697,chickenofthesea.world,available,5.99,,68,2,18,name.com,,
47f13430-3679-4f2f-acbf-80cbf7c51473,makethedifference.world,available,5.99,,72,3,19,name.com,,
48064d8e-e129-45ed-a405-e6236dc67914,costsaving.world,available,5.99,,68,2,11,name.com,,
482812ce-820b-4a4f-bead-f5077da610c9,sets.world,available,5.99,,52,10,4,name.com,,
48285a20-8063-41eb-adad-af39890baa43,offenses.world,available,4.49,41.49,40,2,8,namesilo,,
482e8c81-886a-4207-92ad-76c635988b2f,cometoaboil.world,available,5.99,,62,1,14,name.com,,
48562749-c7b5-43be-a27d-a7ebf2f06587,givelife.world,available,5.99,,58,5,9,name.com,,
4869f782-3267-4598-b67d-e0edd487d850,replaces.world,available,4.49,41.49,55,3,8,namesilo,,
48a0590b-f8c6-4636-8b70-9160a8e0e7e3,carbonmonoxide.world,available,5.99,,54,4,15,name.com,,
48afcb2e-04a7-483d-a053-e3994ee36020,job.world,resell,,,76,40,3,Porkbun LLC,29/03/2018 07:58,29/03/2027 07:58
48e15647-ec9a-4426-b791-a82d38248c42,decoders.world,available,4.49,41.49,50,5,8,namesilo,,
490ff3b2-ff20-4c35-8618-e6508cb8218c,fellowfeeling.world,available,5.99,,62,1,14,name.com,,
494c12f3-0247-4974-b24d-9ff5420fef59,tostartwith.world,available,5.99,,52,1,13,name.com,,
49544a94-502d-4518-899b-8b6594b71a33,waitup.world,available,5.99,,63,2,7,name.com,,
49788428-f414-486c-9e67-e58eb5e75dfc,inwithachance.world,available,5.99,,60,1,16,name.com,,
49945b45-3179-4a6d-bfab-1cbec1d6b100,coffeeklatsch.world,available,5.99,,72,1,14,name.com,,
49d608b2-32fb-4d90-8882-045d438eed97,keeptrack.world,available,5.99,,76,8,10,name.com,,
49f741e0-0c11-4e0f-8966-61cfb9ddf8ee,alcoholproblem.world,available,5.99,,30,1,15,name.com,,
49f8bcba-739a-42bb-a780-e9efa8f71cd3,setthescene.world,available,5.99,,68,3,13,name.com,,
4a00e1c4-6a31-4c92-bc53-c593770c4a6e,manyhappyreturns.world,available,5.99,,46,2,18,name.com,,
4a16c918-fd0d-44cd-90b0-5e8acda0ca63,makes.world,available,5.99,,66,17,5,name.com,,
4a848e77-697d-4919-b74d-1243ece76efb,coffeeand.world,available,5.99,,76,4,10,name.com,,
4a95603d-3ee6-409d-861d-2afba78fb4fc,dropabombshell.world,available,5.99,,58,0,16,name.com,,
4aa0a40a-f1b4-4659-9ec6-d1381fa4a7b8,masterfile.world,available,5.99,,50,3,11,name.com,,
4aa364f1-bceb-43f0-8a2c-1f6b9865f2a4,instride.world,available,5.99,,72,5,9,name.com,,
4ae23330-4c7d-4c51-bd02-0758da1b5fd6,showin.world,available,5.99,,72,4,7,name.com,,
4afefd62-71f4-4605-9a23-031f12002184,cometoahalt.world,available,5.99,,62,0,14,name.com,,
4b0a3a90-9b1e-423c-b298-26f7505dba05,eachtohisown.world,available,5.99,,46,0,15,name.com,,
4b18c755-952b-4129-805b-e5e0b10d40bf,terminators.world,available,4.49,41.49,46,3,11,namesilo,,
4b3d6a00-0904-45a6-92f0-073b0ca7dae4,keepin.world,available,5.99,,72,6,7,name.com,,
4b7184cc-507c-4eef-828f-3353f4c12fcc,motorinsurance.world,available,5.99,,60,4,15,name.com,,
4b7a16f8-a4b4-4e1a-94d1-2332e8669114,chickenout.world,available,5.99,,74,1,11,name.com,,
4b83b79a-6f20-4f60-b0ad-e1cd7fd2ecd7,dropsomeonealine.world,available,5.99,,70,0,19,name.com,,
4ba33137-0ab2-4fff-bd6b-970ea608e530,lab.world,resell,,,78,46,3,Porkbun LLC,31/03/2020 10:12,31/03/2027 10:12
4babf9c9-578c-4fe6-b32e-9d81dc3e85b3,referto.world,available,5.99,,66,3,8,name.com,,
4bb3f03e-cb6c-43ad-b56b-3d11835aff89,gotobed.world,available,5.99,,72,3,9,name.com,,
4be3191b-b494-4274-851b-5a45b46c36d7,getroundto.world,available,5.99,,74,1,12,name.com,,
4bf76bc8-82ec-40e7-91bb-8c6d2f20d422,oranything.world,available,5.99,,44,1,11,name.com,,
4c10859c-c0a8-4e5e-bb70-add6d987b261,alternativerock.world,available,5.99,,72,1,16,name.com,,
4c1577bb-f16a-424c-a3e1-f7f09ad59dbc,inthemain.world,available,5.99,,50,1,11,name.com,,
4c2c6c06-a715-4fe0-94ba-a7813f54ee14,referredto.world,available,5.99,,46,1,11,name.com,,
4c4f2b9f-b0ec-4524-a4c9-e53850c3e65e,orchestrated.world,available,5.99,,75,4,12,name.com,,
4c7d7e29-d767-4f12-bd93-11676c9c7686,goaroundincircles.world,available,5.99,,62,0,20,name.com,,
4cbd0c16-1bdc-4679-9b78-4b63dc706676,textmessaging.world,available,5.99,,66,2,14,name.com,,
4d0f1c5a-412a-4a84-ab46-72296016dcd5,getrid.world,available,4.49,41.49,56,3,7,namesilo,,
4d10f97e-f598-435a-93ce-b3fc31e48c62,thereandback.world,available,5.99,,44,4,14,name.com,,
4d1dfed1-8792-4ac1-9e1f-d81ec813ba81,disks.world,available,5.99,,50,6,5,name.com,,
4d2a5889-e280-4ad7-9f7b-0a8c3b9cc390,sheepdog.world,available,5.99,,76,9,9,name.com,,
4d7b9e31-bb09-48b6-87c7-87e72c5ad73c,gopast.world,available,5.99,,68,0,7,name.com,,
4d89127a-0fd4-4b63-a9ca-057b702132a6,somuchso.world,available,5.99,,50,1,10,name.com,,
4d8d3681-2777-4145-ad5b-ffe9df899a17,provides.world,available,5.99,,56,5,8,name.com,,
4d9d5ac5-38f0-42fe-a1e7-3057eb4114cf,publishers.world,resell,,,54,9,10,"Sav.com, LLC - 5",25/07/2025 15:15,25/07/2026 15:15
4d9f1c2b-6984-481f-8480-7d7cd2531353,sedans.world,available,4.49,41.49,51,3,6,namesilo,,
4da69364-5c8b-4a64-be39-1d986cc51b73,necks.world,available,4.49,41.49,52,3,5,namesilo,,
4dd203ff-aa4c-4bd2-926c-275be6fa2bd7,summertime.world,resell,,,78,11,11,"Sav.com, LLC",07/09/2025 17:20,07/09/2026 17:20
4df7fc57-adb3-4588-ba10-c9a23d57fae1,haveyoueaten.world,available,5.99,,44,2,14,name.com,,
4e2c88a0-72d7-44ef-8e79-8351b8583e8e,estateduty.world,available,5.99,,50,1,11,name.com,,
4e7be04f-1f60-4e3a-b16a-50fc6ea6eaa7,royalties.world,available,5.99,,56,9,9,name.com,,
4ec39309-e823-4c9c-a899-6223bd11ae5c,workers.world,resell,,,60,20,7,"DNSPod, Inc.",07/10/2019 00:00,07/10/2026 00:00
4ecfa002-96e9-49e5-a8fc-1f01c4a9eb7d,publicoffice.world,available,5.99,,69,2,13,name.com,,
4edf77df-feed-42ff-ab8c-ad1f4753d007,chem.world,resell,,,74,24,4,"Chengdu West Dimension Digital Technology Co., Ltd.",16/03/2018 16:15,16/03/2027 16:15
4ef6382b-888f-4d84-900f-6a2dc76178c8,chaitea.world,available,5.99,,86,3,8,name.com,,
4f1d6abb-daff-47c8-8ffe-902b19d8f7f4,tradeunions.world,available,4.49,41.49,48,1,12,namesilo,,
4f249fe1-cc5f-49cc-9a00-b62f959546c5,remembering.world,available,5.99,,72,9,11,name.com,,
4f2eb9bb-8fd5-4529-a7da-ce39e801f5dc,stone.world,resell,,,62,32,5,Porkbun LLC,01/04/2016 11:28,01/04/2027 11:28
4f39c954-b355-42b5-a840-dc9952ba0c08,differences.world,available,5.99,,52,4,11,name.com,,
4f544a29-f720-4afb-8745-09bbe03724db,gettingusedto.world,available,5.99,,66,1,15,name.com,,
4f790e40-08d2-491e-b769-dc0bf2c73642,comerunning.world,available,5.99,,74,1,12,name.com,,
4fc67951-f3ca-463e-831c-c1d31061832d,thedamn.world,available,5.99,,38,1,8,name.com,,
5015d99a-8952-415e-9476-fcd04bb278cd,Tests.world,resell,,,49,21,5,Squarespace Domains II LLC,07/02/2025 15:15,07/02/2027 15:15
504ab233-ac8d-4b37-a204-236ba3ebd4eb,majorityproblem.world,available,5.99,,50,0,16,name.com,,
5065fd19-37ec-4e28-9557-0ae4a923b170,WorldWarIV.world,available,52.98,,52,1,12,namecheap,,
50749558-4b9f-45cb-94a5-22d9f7036ec8,approaches.world,available,5.99,,70,3,10,name.com,,
507c3b9b-3d33-4877-b2e1-0682d73095f8,dogsledmail.world,available,5.99,,94,0,12,name.com,,
507e69e4-d158-4741-8f43-8899efb68297,coffeepotful.world,available,5.99,,72,1,13,name.com,,
50b6aa71-b7a5-4fcd-a1ea-4ebe877042e5,estimationtheory.world,available,5.99,,60,1,17,name.com,,
50be2d10-46b2-4586-a07b-34de2bbbb62f,stadia.world,resell,,,66,22,6,"Sav.com, LLC - 42",10/04/2025 15:15,10/04/2027 15:15
50d27037-396a-440f-b96e-cc9a681f76c2,LunarNewYear.world,available,52.98,,72,3,14,namecheap,,
50d3bf98-1afc-4617-a123-204e6565dc41,getiton.world,available,5.99,,84,3,9,name.com,,
5107bf19-64fa-4670-94d6-712302b6b6bb,bedsheet.world,available,5.99,,78,3,9,name.com,,
5131e345-65d9-4baa-b28a-bbdcbbeaed75,lightupon.world,available,5.99,,72,2,10,name.com,,
515c53b3-4165-4c1d-bbc8-7fa5cabc3203,motorsports.world,resell,,,74,13,11,Squarespace Domains II LLC,14/01/2025 15:15,14/01/2027 15:15
51844c2f-2af6-47c2-9396-1b4e6a186194,establishedorder.world,available,5.99,,60,1,17,name.com,,
5187939c-49e0-470a-86b1-f276f26d0cb1,termed.world,available,4.49,41.49,48,4,6,namesilo,,
51b5c717-baed-4ffd-9899-0a39fcc92565,inwaiting.world,available,5.99,,50,1,10,name.com,,
51dfb9fc-f887-446f-8cec-e6fb1545251b,alcoholaddiction.world,available,5.99,,50,3,17,name.com,,
51e3f2ab-73c3-4014-aecd-80d8f23e9db4,jetaircraft.world,available,5.99,,62,1,12,name.com,,
51e879ca-f146-44e9-82a5-225f1ac3440f,swimsuits.world,available,5.99,,62,5,9,name.com,,
52021724-b7c2-45dd-8200-3c1afb44a5e1,letsomeonego.world,available,5.99,,69,1,14,name.com,,
52040dfd-a3eb-4740-bc21-773570ac1b62,panels.world,resell,,,48,11,6,"Xiamen ChinaSource Internet Service Co., Ltd",21/07/2025 15:15,21/07/2026 15:15
520a44f0-8f80-427c-8273-3886f19e12c0,storms.world,available,5.99,,60,10,6,name.com,,
5215a4d4-d7aa-4adf-b248-1a5e37b84b53,objected.world,available,4.49,41.49,48,2,8,namesilo,,
523f7613-8a81-4d0b-9309-f741620579a2,scallops.world,available,4.49,41.49,52,3,8,namesilo,,
526318c3-e642-4f25-8f05-08eb9463a836,estateagency.world,available,5.99,,42,4,13,name.com,,
527c2ef5-e6ec-4158-8cab-409590de4c27,carryover.world,available,5.99,,70,2,10,name.com,,
52b3a9b5-9b23-4a62-a47b-1d989f007001,pondered.world,available,5.99,,54,3,8,name.com,,
52b6a54d-0620-49b6-b49c-8db1a370cd2a,equalization.world,available,5.99,,74,1,12,name.com,,
52c8ec9c-1f4a-40e2-9762-9c63fdd80128,teaspoonful.world,available,5.99,,66,1,11,name.com,,
52ebf819-13a5-4451-88ba-a2882318fbf1,havenoidea.world,available,5.99,,74,1,12,name.com,,
530c1de9-6b4c-4e12-8a95-f8034f06c667,happiest.world,resell,,,64,10,8,"Spaceship, Inc.",02/02/2026 16:15,02/02/2027 16:15
531c446e-6433-4685-b6e8-ecd38a390a5c,oars.world,available,5.99,,56,6,4,name.com,,
53528241-a004-4629-b1e3-cd6b2a6fa72e,longfor.world,available,5.99,,70,3,8,name.com,,
53a2786a-2ab6-4788-bc97-74b494fabb8e,plaques.world,available,4.49,41.49,42,5,7,namesilo,,
53ffab4f-c933-4c59-b9d8-4db1e6c2ecac,GreatBarrierReef.world,resell,,,64,4,18,"GoDaddy.com, LLC",18/06/2025 13:06,18/06/2026 13:06
540f83aa-25e5-4a5d-a164-28a08b067957,proofs.world,available,5.99,,55,13,6,name.com,,
5435d332-b26d-4d5c-8f2e-11825c23624f,fasttank.world,available,5.99,,50,0,9,name.com,,
543d2431-cd47-4f46-a2f0-ba130eaa3630,basedon.world,available,5.99,,50,4,8,name.com,,
54634a40-5ae1-47e2-a9ea-4cd5d7b5d825,objectives.world,available,5.99,,54,5,10,name.com,,
54b17268-1edc-43b3-91c8-be13dcadf8ad,believed.world,available,5.99,,64,3,8,name.com,,
5527be05-ebff-454d-aa32-7726307fb25c,veggies.world,resell,,,64,7,7,Squarespace Domains II LLC,13/01/2025 15:15,13/01/2027 15:15
55329743-cd40-426e-aac0-fba36edcf87d,Ilostmybackpack.world,available,52.98,,50,1,18,namecheap,,
553340bd-a245-44a8-861e-f6a72befc640,multipurpose.world,available,5.99,,54,4,13,name.com,,
5535ee9a-638f-441c-9d46-1abe828c2818,gotoplan.world,available,5.99,,66,1,10,name.com,,
5539f6f2-7999-47be-be02-0b6bd002edc4,tubes.world,resell,,,48,12,5,"Sav.com, LLC - 32",27/07/2025 15:15,27/07/2026 15:15
55549b3a-a01a-4ed6-993a-a0b9aaacbdbe,commonlog.world,available,5.99,,50,1,10,name.com,,
5559029c-a712-4c26-86cf-b8b4cc7e8318,changeofvenue.world,available,5.99,,60,1,15,name.com,,
555b4bdd-fe96-4117-8086-8f9b24bedfa7,securing.world,available,5.99,,62,8,8,name.com,,
557c4c21-4470-4137-aa8e-a10b0ee9ae87,slipped.world,available,5.99,,70,3,7,name.com,,
55a72984-28a6-4bd7-8c85-bc9985539bbe,IsleofSheppey.world,available,52.98,,52,1,15,namecheap,,
55be4c24-419d-49fe-b9c0-c2379ac653ec,superhero.world,resell,,,84,23,9,"Sav.com, LLC - 27",03/02/2026 15:15,03/02/2027 15:15
55dfb28c-3a9b-453e-a169-775c6a6f56d1,comeknocking.world,available,5.99,,66,1,13,name.com,,
5639a612-1886-45b7-b8ac-a09c5459bd22,pigeons.world,available,4.49,41.49,50,10,7,namesilo,,
566ac2d0-cb94-4590-9089-67ec6a967b9c,quitting.world,available,5.99,,54,4,8,name.com,,
566fa58a-b1b7-4149-b8e6-264449274f2b,settledown.world,available,5.99,,80,2,11,name.com,,
56a384af-1ab7-473c-bf49-fd506ef047a5,dropaline.world,available,5.99,,64,2,11,name.com,,
56d669e6-d53b-4968-8fe8-7241b32c9e59,accountsreceivable.world,available,5.99,,62,5,19,name.com,,
56ed797d-266f-43fb-8b6d-04ef6c6fb06e,cometoastop.world,available,5.99,,62,1,14,name.com,,
56fc94fe-9a28-4888-917b-1ba1ade6c142,steroids.world,resell,,,50,10,8,"Sav.com, LLC - 10",16/08/2025 15:15,16/08/2026 15:15
571fd515-1139-4fe1-ac52-f46051682955,switches.world,available,5.99,,58,7,8,name.com,,
57312bb4-accc-49fa-a6e9-07593d53d0e5,surroundings.world,available,5.99,,75,4,12,name.com,,
57413d98-4ea2-4be5-8220-c36a609a73f6,cometopass.world,available,5.99,,74,1,12,name.com,,
574ef5a4-4dc9-40f8-8a9e-d6728ba1e361,letup.world,available,5.99,,74,3,6,name.com,,
577c7ce6-311d-4eb1-97c6-add1f5aa0159,reebok.world,available,5.99,,89,10,6,name.com,,
57a8f512-5f64-4320-9c69-fc721ba8f9b0,cheeseontoast.world,available,5.99,,64,1,15,name.com,,
57bf7b49-c1b2-4424-a9a9-b75e2788ecee,beonto.world,available,5.99,,74,1,8,name.com,,
57dfb7d7-f3c2-46fb-880c-de5b3d4651e5,thereaway.world,available,5.99,,58,1,10,name.com,,
57ffb370-7a78-43c4-8802-0bdab76abb05,prefers.world,available,4.49,41.49,52,3,7,namesilo,,
58168f5c-23b8-48c9-8db4-0eb75170fa0d,VeniceBeach.world,available,52.98,,56,7,12,namecheap,,
5830072f-2efd-4d00-afde-b19e9323d5dc,affects.world,available,4.49,41.49,54,4,7,namesilo,,
58459ac1-74fc-47a2-9f62-99beae59e9ce,hey.world,resell,,,68,46,3,Porkbun LLC,21/10/2020 10:12,21/10/2026 10:12
584be621-62b3-4044-933b-505f6f5f4986,cheesedown.world,available,5.99,,62,0,11,name.com,,
584e70bf-75c9-4530-a1e1-260a3367942d,makefriendswith.world,available,4.49,41.49,58,1,17,namesilo,,
5878f8b4-89a3-49e2-b59b-b7fa8a140938,chickenliver.world,available,5.99,,64,1,13,name.com,,
5890a324-ed5c-4f14-803d-2d3c23e797de,CountyofHudson.world,available,52.98,,44,1,16,namecheap,,
58cf18a4-f684-4209-abe7-d0be9449b1c0,goonthen.world,available,5.99,,48,1,10,name.com,,
58d7bdcc-e7d8-43f4-a672-65628507d230,smiled.world,available,5.99,,66,5,6,name.com,,
58e97072-fcbb-40de-8dca-0ee42f8a8126,prices.world,resell,,,51,15,6,"DNSPod, Inc.",04/08/2023 15:15,04/08/2026 15:15
5900f2cd-56bb-4f35-ad28-d0b0a2411b0c,coffeemaking.world,available,5.99,,72,2,13,name.com,,
59077fa4-9cf8-4dd6-8685-59a49176dfac,aswespeak.world,available,5.99,,58,2,11,name.com,,
590bffee-232d-4ec2-9bcc-3200950e83ee,timetables.world,available,4.49,41.49,50,4,10,namesilo,,
59122328-7793-4efc-a84d-6f8bec57cfac,GuptaEmpire.world,available,52.98,,64,1,12,namecheap,,
593d1afa-0275-4c00-94d7-bffbcd5375e9,Iship.world,available,52.98,,76,6,6,namecheap,,
59400472-15f2-4bb6-82a0-6e606242712d,started.world,available,5.99,,60,11,7,name.com,,
5940352b-2cc5-47ea-858a-28073d8991f5,Imissyou.world,available,52.98,,58,7,10,namecheap,,
595279b4-dc23-445d-bf8f-7db678fa26b7,proportions.world,available,5.99,,76,3,11,name.com,,
5960de2e-282c-4acd-9922-e088a5a9b19b,tales.world,resell,,,72,14,5,"Chengdu West Dimension Digital Technology Co., Ltd.",09/01/2021 07:37,09/01/2027 07:37
5987c489-82df-43c0-b405-1b675a433b14,distresscall.world,available,5.99,,32,1,13,name.com,,
59dd3381-74b0-4354-980a-9ef01f4de3b6,Qtips.world,available,52.98,,60,4,6,namecheap,,
59e575de-bd06-47c0-a208-abb678d894d9,getpast.world,available,5.99,,76,1,8,name.com,,
59eb0e05-6086-4d96-9537-b3a44559831c,waxpaper.world,available,5.99,,66,2,9,name.com,,
59efa3ce-5c77-4ec2-a853-63bd07721368,travels.world,resell,,,64,18,7,"Chengdu West Dimension Digital Technology Co., Ltd.",28/03/2017 14:12,28/03/2027 14:12
59fe319e-9a7b-43db-bbe6-eb6e117ea106,remained.world,available,5.99,,50,2,8,name.com,,
5a13491b-a99c-461e-a9d4-72c9149e0551,comeundone.world,available,5.99,,66,2,11,name.com,,
5a3102a6-4950-4e0b-a1a6-a2ef9ebbc63b,weights.world,available,5.99,,56,9,7,name.com,,
5a79ab7d-0840-474c-a0e3-38ca6172b69b,havethebestofit.world,available,5.99,,68,1,19,name.com,,
5a93a770-0711-4bb3-8de2-f20b62802059,highwater.world,available,5.99,,66,7,10,name.com,,
5aedf9c9-1dc5-436a-a659-745dd6f0dc93,proceeded.world,available,5.99,,60,2,9,name.com,,
5af54b1b-9dcb-446e-b4eb-3810da0c719a,manyandvaried.world,available,5.99,,46,1,15,name.com,,
5b1e1ffb-2d5e-478a-93ca-a557045781d4,partwith.world,available,5.99,,68,1,9,name.com,,
5b319d1c-5a53-4ed3-8a83-68026d8c1005,hangup.world,available,5.99,,68,5,7,name.com,,
5b4a5b6e-5071-4694-88a5-a3bb51294523,Sundays.world,resell,,,61,17,7,"Sav.com, LLC - 5",13/09/2025 15:15,13/09/2026 15:15
5b8dbb8f-9f59-42ce-9c6d-ff5ff7a0cc2d,doctoralthesis.world,available,5.99,,68,1,15,name.com,,
5b9525e1-bc9e-4ba0-91b2-4a85f7ff8a5d,Keith.world,resell,,,66,25,5,"Sav.com, LLC - 4",23/02/2026 15:15,23/02/2027 15:15
5bf25724-9f29-4d82-af71-5766911b013b,requirements.world,available,5.99,,56,9,12,name.com,,
5c007e0b-a143-4244-99b8-859642a82091,pardonme.world,available,5.99,,62,4,9,name.com,,
5c1dfd8e-2ae1-47b9-ab6d-0d81701bda57,ideclension.world,available,5.99,,58,1,12,name.com,,
5c33fb80-dd4a-424d-a626-c79d97f5b62c,signover.world,available,5.99,,69,1,9,name.com,,
5c485b0d-2804-4fc8-b984-53b737111ee5,slipdress.world,available,5.99,,76,1,10,name.com,,
5c4eac5f-aaf4-4205-8234-caed2000cd14,notebooks.world,available,4.49,41.49,56,9,9,namesilo,,
5c6a3583-a835-4c39-8dd7-7ed19fd73fb1,produces.world,available,5.99,,54,5,8,name.com,,
5c86bac1-893c-4e64-b013-7c34aab84c09,summoned.world,available,5.99,,52,2,8,name.com,,
5ca6b3fd-b54e-4e59-99de-ab3023879736,QandA.world,available,52.98,,80,10,7,namecheap,,
5cf72a5e-aa9e-4056-adb0-5dc3969ca3bb,haveway.world,available,5.99,,74,1,8,name.com,,
5d06e8ce-c891-47f5-bb45-9bb890f0b72b,pennies.world,available,5.99,,56,6,7,name.com,,
5d14dcb5-f199-437a-8b76-4a2cbeda6091,coffeesugar.world,available,5.99,,62,0,12,name.com,,
5d169244-14db-4e77-bb7b-473ff4eabd4c,collapses.world,available,4.49,41.49,38,1,9,namesilo,,
5d3df0ec-486f-4e87-88f3-a13594c73090,shells.world,available,4.49,41.49,58,9,6,namesilo,,
5d60c977-4206-4869-86b1-7db8ae1cbb7c,manytomany.world,available,5.99,,68,2,12,name.com,,
5d80b485-e916-4335-8cf2-bc384907bfe9,coffeecupful.world,available,4.49,41.49,80,1,12,namesilo,,
5d8f83ac-ce92-4053-a408-d8e65b59d653,urged.world,available,5.99,,60,3,5,name.com,,
5dba92ee-2d46-4d24-aff1-711ac0056591,nitpicking.world,available,4.49,41.49,58,1,10,namesilo,,
5e25e2c0-1d5c-4c0e-bbec-3c093a7b0ed7,letusgo.world,available,5.99,,57,4,9,name.com,,
5e357e6f-83ed-43a3-9036-14b037a36210,golong.world,available,5.99,,74,6,7,name.com,,
5e367dd2-1328-4434-8776-ae962546e22d,coffeeandcake.world,available,5.99,,72,2,15,name.com,,
5e39e852-b070-451d-9c5c-7c8e12c51a30,resists.world,available,5.99,,52,2,7,name.com,,
5e532196-a94c-43c6-8b61-db8b8854d00d,upandaround.world,available,5.99,,60,1,13,name.com,,
5e677933-60ca-41f1-86e5-e1e19bdb99af,getjiggy.world,available,5.99,,80,2,9,name.com,,
5e68f474-8f51-4c64-a2dd-5147b7683dd7,tourists.world,resell,,,58,7,8,"Sav.com, LLC - 1",01/10/2025 15:15,01/10/2026 15:15
5e753f62-b25a-4489-9f7a-38a73c64150f,webmasters.world,resell,,,52,12,10,"Sav.com, LLC - 31",08/11/2025 15:15,08/11/2026 15:15
5e8a0dae-1ed6-48dd-b4ef-62f647d90d3c,postponement.world,available,5.99,,57,1,12,name.com,,
5e8e5d45-2395-45c9-bf8f-d635a8b449c5,inoperation.world,available,5.99,,74,1,12,name.com,,
5eb6c983-58fc-4d41-b5b0-e4ec6239ca29,slowcookers.world,available,4.49,41.49,55,2,12,namesilo,,
5ebaa1aa-632f-4d32-8ca0-c21add2945db,Ihavenever.world,available,52.98,,68,1,12,namecheap,,
5ec0c95b-4acc-4293-bc3f-8f06b5ab9b88,flashdoor.world,available,5.99,,50,0,10,name.com,,
5efcb768-790d-4ebe-b047-426fa32345b5,windowblind.world,available,5.99,,48,1,12,name.com,,
5f194f58-743f-4c56-a93f-fe62c3d2d4c6,givingbirth.world,available,5.99,,89,2,12,name.com,,
5f2cc8a1-e611-45ca-bff3-fedee1fabf78,commonmeter.world,available,5.99,,68,1,12,name.com,,
5f4930ed-5ab9-48fd-bbf4-ec223a5c4984,officials.world,available,5.99,,49,8,9,name.com,,
5f7028ee-30dc-4157-af4b-00a2eaacbeed,registration.world,resell,,,75,19,12,"DNSPod, Inc.",28/11/2019 10:12,28/11/2026 10:12
5f827296-1959-461a-ad81-4fdd12bb5964,CountyofKings.world,available,52.98,,54,2,15,namecheap,,
5f83dc8a-d6ac-4d99-af74-60d9746f5195,ladies.world,resell,,,80,17,6,"Chengdu West Dimension Digital Technology Co., Ltd.",25/11/2020 08:12,25/11/2026 08:12
5faf07da-21ea-4717-86c7-28a2c0701538,ribbons.world,available,4.49,41.49,56,9,7,namesilo,,
5fcebf7a-161e-4bd4-b6c6-c34200e05e93,rakeup.world,available,5.99,,66,2,7,name.com,,
5fffab39-b682-4ec7-813b-3070068344f5,gonuts.world,available,5.99,,76,8,7,name.com,,
6013cbf8-7f32-4a79-b17b-1604cedfc7c6,goupstairs.world,available,5.99,,68,1,11,name.com,,
6045e3eb-db65-49cc-9642-d83c38c41149,porkrib.world,available,5.99,,55,0,8,name.com,,
60822c31-af41-41e1-bce2-3bbfba49a64e,hitormiss.world,available,5.99,,66,3,11,name.com,,
609d23f5-cb21-4aa6-b191-adf1e22609f3,goastray.world,available,5.99,,66,1,9,name.com,,
60d9bcb2-f6e9-453a-a76e-051f9498ca6d,potatochips.world,available,5.99,,54,5,12,name.com,,
60f01b3e-69bd-4a6c-b613-136e1cb21d83,someoneelse.world,available,5.99,,54,3,12,name.com,,
6145d646-a408-4cbe-8d34-073ef3ca18e3,allsorts.world,available,5.99,,52,5,9,name.com,,
6167ffa9-09c0-4049-a64c-2395228fc816,filingfees.world,available,4.49,41.49,46,1,11,namesilo,,
61911fbf-8302-4321-8451-7b4578e6803b,coaches.world,premium,118.8,118.8,56,15,7,namesilo,,
61b5767d-6449-4c3e-9b42-b92a4d2bd04c,spellingbook.world,available,5.99,,48,1,13,name.com,,
61ca8407-06fa-40d4-a59b-15cbdce1547a,publichousing.world,available,5.99,,64,3,14,name.com,,
6215bbe6-b175-49e5-b964-d6c1f090cd66,saloons.world,available,4.49,41.49,49,4,7,namesilo,,
623358ea-a904-4ffd-b67a-60c5c094b1d9,foes.world,available,5.99,,46,6,4,name.com,,
623fc830-b5f8-4798-be3a-50871488cc6c,estateforlife.world,available,5.99,,60,1,15,name.com,,
62820cf8-e038-4b72-b77b-9146c434caf0,goeasy.world,resell,,,76,11,7,"Spaceship, Inc.",13/03/2026 20:23,13/03/2027 20:23
62a64904-fa0b-47f1-bd6e-9e1ac4c99753,ounces.world,available,5.99,,47,4,6,name.com,,
62dc4e9f-9666-499a-a4b0-0b2a57e60cd9,CincodeMayo.world,available,52.98,,68,7,13,namecheap,,
6335410a-16ad-40f1-a66d-c58246f255ac,uploadability.world,available,5.99,,60,1,13,name.com,,
63588b3e-149b-49ea-8508-57f026b844ca,has.world,premium,46.2,46.2,60,26,3,namecheap,,
6359991d-2883-4a37-bfce-7cbd514b0347,gothewholehog.world,available,5.99,,62,1,16,name.com,,
6360c989-7481-426b-9be2-d31bcddbbe2a,makesaneffort.world,available,4.49,41.49,52,1,15,namesilo,,
6369da8b-ccf7-4e99-b521-1d9af7961d64,noses.world,available,4.49,41.49,48,3,5,namesilo,,
638b71ca-b38c-4869-bf05-40252ab1deee,changethegame.world,available,5.99,,68,6,15,name.com,,
6397dd16-a223-43cc-af0e-9fc5b18559a2,finalized.world,available,5.99,,52,2,9,name.com,,
639e16d5-83da-437f-8514-7b04bb70cfb0,flor.world,resell,,,74,14,4,"Sav.com, LLC - 35",12/03/2025 15:15,12/03/2027 15:15
63a20037-b8ca-44d0-ba16-158fef115da1,masterofceremonies.world,available,5.99,,60,2,20,name.com,,
63b5c33b-5586-4d1c-a1cc-bbd768cb7e17,nojoke.world,available,5.99,,48,4,7,name.com,,
63e848ad-ef5a-406a-8ba4-df417e75a60a,makeswaves.world,available,4.49,41.49,60,1,11,namesilo,,
63fa7647-2aa6-445b-94b4-42011f06aa7b,axes.world,resell,,,36,10,4,"Sav.com, LLC - 22",22/08/2025 15:15,22/08/2026 15:15
6441976e-d320-41b0-a799-d86c0525dc69,getthenod.world,available,5.99,,77,2,11,name.com,,
64781920-4a15-4662-be97-728ea457e5df,joiningin.world,available,5.99,,52,2,10,name.com,,
64d5638e-a699-4bfc-9f39-d90d17025251,birches.world,available,4.49,41.49,57,4,7,namesilo,,
64e8d7f1-289a-4052-a50d-055bdde59397,ambitions.world,available,4.49,41.49,64,7,9,namesilo,,
64f01c0a-6d51-401b-a7f2-196bffc50abc,gobonkers.world,available,5.99,,70,1,10,name.com,,
64f6d8e8-dd7f-4023-a5fd-f25166be3670,tunafish.world,available,5.99,,74,3,9,name.com,,
6506a25a-4040-4bc2-86e8-e954e875717d,cloves.world,available,5.99,,60,5,6,name.com,,
65153561-6378-4463-a942-d01568919f3f,pearls.world,resell,,,64,12,6,"Spaceship, Inc.",22/03/2026 22:01,22/03/2027 22:01
65668af6-87a2-4d1b-8dc2-e8c1ff163334,chairmen.world,available,4.49,41.49,58,3,8,namesilo,,
657594bc-d4be-4354-a404-287e00c91fdc,sqin.world,available,5.99,,72,3,5,name.com,,
65a9318f-dd00-4b57-9fe7-7a3183c69bea,kicks.world,premium,82.5,,77,15,5,name.com,,
65bd7c6e-a588-4179-95b3-e228b39cd975,mosquitoes.world,available,5.99,,42,4,10,name.com,,
65bf2c23-9e23-483b-ac6b-6452ec392fc0,iftruthbetold.world,available,5.99,,54,1,16,name.com,,
662e3624-46ed-463f-a693-0a3b4d25f28d,stackup.world,available,5.99,,64,11,8,name.com,,
666c779d-c6e3-4adc-a151-c35e00e755d2,socioeconomic.world,available,5.99,,54,1,13,name.com,,
667b378d-db4b-4027-9d13-9829237caaa1,travellers.world,resell,,,53,11,10,"Chengdu West Dimension Digital Technology Co., Ltd.",21/03/2023 15:15,21/03/2027 15:15
66b00127-8e0e-4296-9a91-6efb51ff0969,enterthelists.world,available,5.99,,62,0,15,name.com,,
66b0e53a-2c60-42a7-9e20-03783d1eed87,stared.world,available,5.99,,56,4,6,name.com,,
66ce6b31-718d-4f79-922d-b10e926f5e7f,haveon.world,available,5.99,,76,2,7,name.com,,
66d33064-da41-4974-b3bc-6dbcfb73feb2,steerclear.world,available,5.99,,80,2,11,name.com,,
671cd104-c79e-48c6-bcb9-b2cc6ce9fc7f,ChildJesus.world,available,52.98,,56,2,11,namecheap,,
673589d5-3e05-45d2-8b64-1094caf1cdb4,finaltest.world,available,5.99,,58,2,10,name.com,,
6773afcf-296f-4ea7-ad56-2720fcedaf4c,havetheblues.world,available,5.99,,58,1,14,name.com,,
67762c21-e6ca-4070-a6e5-657b6e5c3dad,comeonto.world,available,5.99,,72,1,10,name.com,,
678c7cc3-9632-4fb8-b38e-6bcd3487a338,noodlebar.world,available,5.99,,62,2,10,name.com,,
67911427-7e84-49fe-a459-0505cff6e31c,pairofshoes.world,available,5.99,,67,1,13,name.com,,
67bcd9da-055f-4883-8e17-982238d984a4,scissored.world,available,4.49,41.49,64,1,9,namesilo,,
67be99b7-43f3-46a4-95d3-b7edcd03ad2a,gowholehog.world,available,5.99,,70,1,12,name.com,,
67d37a80-7802-48e3-aaa2-578510401ac0,comeof.world,available,5.99,,74,1,7,name.com,,
67e58ca3-e073-4d22-8bc1-3cadcd7fa2c8,getsick.world,available,5.99,,72,1,8,name.com,,
68092f80-164c-4a25-94e4-7fc3763d4b37,chickenroll.world,available,5.99,,76,2,12,name.com,,
687b3509-02a3-484f-a372-c1b96bebf334,gostraight.world,available,5.99,,70,2,11,name.com,,
689f129e-399c-4741-bbea-aa92605b49da,dates.world,resell,,,56,15,5,"Chengdu West Dimension Digital Technology Co., Ltd.",25/12/2025 15:15,25/12/2026 15:15
68a37c13-4eb0-43db-bf58-105e674a7bc7,fellowfeel.world,available,5.99,,72,1,10,name.com,,
68b768a0-9e7f-4ff1-ad57-8c9e8ada1856,actresses.world,available,4.49,41.49,56,5,9,namesilo,,
69114f53-9b04-4a97-aeb4-afbd0b2ad3f6,prowlers.world,available,4.49,41.49,40,2,8,namesilo,,
692a3b00-9de5-4292-aa01-e316c985b294,trades.world,resell,,,71,26,6,Porkbun LLC,14/01/2015 16:00,14/01/2027 16:00
69876235-07ba-41f6-a5b7-26c6310c30ae,generalrank.world,available,5.99,,50,1,12,name.com,,
698ac316-b6f0-4450-8f56-ec865ceeb474,porkribs.world,available,5.99,,55,1,9,name.com,,
69940612-3ff7-4e59-aac1-df331fae83f9,goitalone.world,available,5.99,,74,1,11,name.com,,
69de874c-e65e-4b56-ac26-029810b25626,getthememo.world,available,5.99,,74,1,12,name.com,,
69f143d3-ebe1-41d3-a114-814d173a3307,socialjustice.world,available,5.99,,68,6,14,name.com,,
6a136148-e046-4f6c-bd1b-b1189c7ca515,gooutwithabang.world,available,5.99,,66,1,18,name.com,,
6a46b545-acbc-4803-b7fd-0d5cbb852d3c,goround.world,available,5.99,,68,3,8,name.com,,
6a6f3d17-b0e3-4361-bd52-458d75fda65d,letterofdismissal.world,available,5.99,,44,1,19,name.com,,
6a857f17-8c90-4e18-8799-3abefa6fb9f9,arts.world,resell,,,76,30,4,Porkbun LLC,31/03/2016 12:46,31/03/2027 12:46
6a891c63-2ab0-4c32-999d-060337bb1a4a,gobananas.world,available,5.99,,74,7,10,name.com,,
6a9794c1-a35a-4921-aea0-01f3f5d780da,getittogether.world,available,5.99,,75,3,15,name.com,,
6aaad09a-428f-4d09-b841-936a62a0358d,mouldbreaking.world,available,5.99,,64,1,14,name.com,,
6ac1e23d-a182-436d-b34f-2ae15aed90a8,howtheheck.world,available,4.49,41.49,48,1,12,namesilo,,
6aceb845-2fdc-470a-9573-c4bdcd76af6d,drying.world,available,5.99,,68,6,6,name.com,,
6ae239c0-f4a6-4b66-8e6f-c2491d95c4ce,overanxious.world,available,5.99,,64,1,12,name.com,,
6af479a1-9b29-4d04-889e-cc02f0e39677,takehuff.world,available,4.49,41.49,64,1,9,namesilo,,
6afdc15a-62b3-437b-b941-97785b9ce1ec,sneezes.world,available,4.49,41.49,50,2,7,namesilo,,
6b1a73ba-b83a-4987-b7cb-0411b4b61fd1,comeonline.world,available,5.99,,80,2,11,name.com,,
6b2a832c-439d-4e67-ab10-d6a13e34dbca,deepdiving.world,available,5.99,,76,2,11,name.com,,
6b405ab1-6e70-48ed-9158-ffcb87c821fb,officers.world,available,5.99,,50,5,8,name.com,,
6b442ebc-0748-4130-a694-e532b0e532ec,speakers.world,resell,,,66,12,8,Squarespace Domains II LLC,29/02/2024 15:15,28/02/2027 15:15
6b63b930-8d03-40ac-898f-19ec71f64b8f,killed.world,available,5.99,,56,5,6,name.com,,
6b7e7a80-b66f-46c4-86b0-b51bcb0b1e55,recruited.world,available,5.99,,58,5,9,name.com,,
6b7f85f8-1de8-4107-a8fb-94fc133cb4a7,manyhandedness.world,available,5.99,,64,1,15,name.com,,
6bad51a9-d7a3-44f0-9f7b-de625b219107,getround.world,available,5.99,,74,0,9,name.com,,
6bc0e8e9-dd5b-4925-93ad-636fd4e452aa,runwith.world,available,5.99,,70,5,8,name.com,,
6bf3c5b1-9754-4328-8f80-8a20ba5ecc8f,bases.world,available,5.99,,54,9,5,name.com,,
6c7369cd-c2fe-4d8c-ae81-9467c1499971,teeheehee.world,available,5.99,,88,1,11,name.com,,
6c992ceb-47a2-499d-963a-f82bf2759ae2,keeptrackof.world,available,5.99,,48,1,13,name.com,,
6c9c7a25-2e8c-4e4c-a991-14dd87fa72a9,pounds.world,available,5.99,,58,7,6,name.com,,
6c9ccc09-c9b2-4fd1-8101-9c048794fd81,slipin.world,available,5.99,,65,2,7,name.com,,
6c9eaa58-aab0-4bb6-a79e-8eabb77613ec,luncheonettes.world,available,4.49,41.49,52,1,13,namesilo,,
6ca5370a-f97f-445f-94ae-aaf3fbe99d26,accountspayable.world,available,5.99,,62,4,16,name.com,,
6cabeb21-e394-4c5b-8e36-b3c4366910e1,velocities.world,available,5.99,,52,4,10,name.com,,
6cb551ce-3777-45e2-9903-016507c163a1,adding.world,available,5.99,,76,6,6,name.com,,
6cd83349-1a1a-4816-b449-dbac8be5a9ea,movemountains.world,available,5.99,,72,4,14,name.com,,
6cfa3ff0-666e-4789-a328-72733ba458f1,joints.world,available,4.49,41.49,48,8,6,namesilo,,
6d10bfe6-44d9-4fc2-9959-720221753556,reaches.world,available,5.99,,70,5,7,name.com,,
6d27e4e5-43d4-4261-9700-7e9037bbbabe,CountyofHarris.world,available,52.98,,42,1,16,namecheap,,
6d2897bf-403d-4022-8dd1-444184ce996b,orderin.world,available,5.99,,77,5,8,name.com,,
6d410e45-b3d4-4941-a1bf-67715276ecf1,necessities.world,available,5.99,,58,4,11,name.com,,
6d750d2c-997c-4a9e-ae67-9acbfdf285c8,hasone.world,available,5.99,,54,1,7,name.com,,
6d77811f-6a46-4b1a-9300-9f47b673a89d,clipstrips.world,available,4.49,41.49,56,3,11,namesilo,,
6dba1713-dd5f-4b89-a66a-aa7f840e911c,arriveat.world,available,5.99,,70,1,9,name.com,,
6dcc5928-3166-4d51-abc4-3994beb44357,letthematterdrop.world,available,5.99,,47,1,19,name.com,,
6dd0cdeb-44dc-44ce-895e-21ceafb0b8e1,coffeedout.world,available,5.99,,76,1,11,name.com,,
6ddbd2ac-5fc6-4f92-9245-3e6c190fdbb3,sidewindow.world,available,5.99,,44,1,11,name.com,,
6de71ffe-8dba-4791-a05e-b63bfa0d49df,movesouth.world,available,5.99,,49,1,10,name.com,,
6e11b615-0c08-49aa-9aab-03f6c44b76f3,lordmayor.world,available,5.99,,76,1,10,name.com,,
6e31184b-3434-463e-b978-3a9a46f5040d,workouts.world,available,4.49,41.49,59,8,8,namesilo,,
6e623002-2214-4f78-baa0-1779a95a12e5,notleast.world,available,5.99,,62,1,9,name.com,,
6e697b14-65df-4f3f-b249-83afd690d957,beawake.world,available,5.99,,84,3,8,name.com,,
6e74198f-43b5-4bb9-b8d2-b9e18dd1c89f,coffeeroyal.world,available,5.99,,80,1,12,name.com,,
6e925573-28b7-47d6-a0bf-a8e6dba46f9f,photocopying.world,available,4.49,41.49,68,2,12,namesilo,,
6ecb28f4-5e24-4f61-843a-7e14fce3e112,consumption.world,resell,,,72,6,11,"Spaceship, Inc.",22/03/2026 21:46,22/03/2027 21:46
6f04fbca-ec1a-4be5-b42e-e10cc54a890c,abides.world,available,5.99,,70,4,6,name.com,,
6f86123d-a66b-4e81-be45-fc81b58d7f98,strapin.world,available,5.99,,68,1,8,name.com,,
6fab3e2e-c03a-4618-a6cc-dcdd0b6ae585,SaintGeorge.world,available,52.98,,54,6,12,namecheap,,
6fb5597c-a750-42b4-8b1c-d4be65d5063b,accountpayable.world,available,5.99,,62,2,15,name.com,,
6fc1a294-3f97-4d05-995b-aeae1d3ccaf8,leaveoffice.world,available,5.99,,58,0,12,name.com,,
700ae451-7692-46e0-9e6c-8a0a56492550,sanctions.world,resell,,,52,8,9,"Spaceship, Inc.",12/02/2026 17:30,12/02/2027 17:30
70215c1e-4b8f-48a5-9a14-e8da587a8a28,midDecember.world,available,52.98,,80,1,12,namecheap,,
703690cf-1c54-492d-9c69-0249d461ec84,macaroniandcheese.world,available,5.99,,72,2,19,name.com,,
704bb400-e05b-4c0f-bc4b-3f6d5c8ffa90,coats.world,available,5.99,,68,12,5,name.com,,
70671140-c3b3-46d1-a23e-ad4b5fee6bb4,fastgrowing.world,available,5.99,,72,3,12,name.com,,
70b3999c-6c8a-4f97-9df7-ce03bb557f5b,lactoseintolerance.world,available,5.99,,56,2,19,name.com,,
70cfb165-dd9c-481f-a8d1-35295c350a56,thanksaheap.world,available,5.99,,54,0,13,name.com,,
70e0c10c-af55-4cdb-9705-f6b4f9be138e,shadows.world,resell,,,54,16,7,"GMO Internet Group, Inc. d/b/a Onamae.com",10/06/2025 15:43,10/06/2026 15:43
710359de-b7e8-4989-9ffe-a0c8eb4457c9,lunchmaking.world,available,5.99,,78,1,11,name.com,,
710f075b-1e0d-4fad-b793-c8d60029e2df,dogsick.world,available,5.99,,90,1,7,name.com,,
71218700-7d63-469c-b7b1-f1728ef4bfff,takethelead.world,available,5.99,,78,4,13,name.com,,
71269eca-93c0-4477-9b25-2c1fc8e6cbf8,vergeon.world,available,5.99,,68,1,8,name.com,,
7129e791-d379-421f-82ed-551d360702af,letpast.world,available,5.99,,75,1,8,name.com,,
714060df-ca43-4bd7-8183-549a24ab6444,ladiesandgents.world,available,5.99,,68,2,16,name.com,,
719d82b3-63af-451a-828b-a42aef401eb5,Xrays.world,available,52.98,,52,5,6,namecheap,,
72a28e8e-ad38-42b6-9f4a-9af4bf5bccc8,divinejudgement.world,available,5.99,,47,1,16,name.com,,
72b07a61-ad8e-4bf2-a0ef-9942beb8320a,pricetosell.world,available,5.99,,64,1,13,name.com,,
72dd7f64-73bf-44d0-81c4-1d15bc56d8de,locks.world,resell,,,66,14,5,"NameSilo, LLC",13/11/2025 18:25,13/11/2026 18:25
72e7e456-40a7-4ba0-8547-d20de10f093c,differed.world,available,4.49,41.49,48,2,8,namesilo,,
72f9e298-7645-4de4-9da5-c69c69f9461f,cloaks.world,available,5.99,,50,5,6,name.com,,
730dfe32-9e51-4a3e-ab31-541f37d4e9a3,proteins.world,available,5.99,,52,8,8,name.com,,
73597295-d179-483c-a629-ac22b805fcd4,therewego.world,available,5.99,,56,2,11,name.com,,
735b46e2-6620-4b34-8ec9-c839d033b103,changeplaces.world,available,5.99,,62,0,13,name.com,,
73865c16-e8a4-40b0-a0b3-b29bf18aa068,longlasting.world,available,5.99,,68,3,12,name.com,,
738b74ce-afd1-42f6-92b9-a916ff7bfb6c,havenoneofit.world,available,5.99,,56,1,15,name.com,,
73cab5d8-8332-4190-a762-9b93c298c0e3,ifyouwill.world,available,5.99,,61,2,11,name.com,,
73e6a462-64fc-4488-9510-1d3fc003de89,devotes.world,available,4.49,41.49,56,2,7,namesilo,,
73e757a1-5ae3-4c7a-b5f6-ae9bb206527a,cutthrough.world,available,5.99,,74,6,11,name.com,,
74159234-4f37-4c61-a7a9-d9c3f82debf9,standardizing.world,available,4.49,41.49,43,1,13,namesilo,,
74196ff8-5f5e-4855-82a7-0fc1e33081fa,comeonover.world,available,5.99,,78,2,12,name.com,,
744628fc-1454-4c4d-8ff9-1a2e9f0bbf40,lunchware.world,available,5.99,,78,1,9,name.com,,
7458c630-64cd-45f5-a4cb-818088860c6c,decides.world,available,4.49,41.49,56,3,7,namesilo,,
747985e9-b5b1-4a35-a578-1e0ebe80fa58,cometobe.world,available,5.99,,72,0,10,name.com,,
7491e162-a653-4da4-a582-1ffcea2ca204,keepquiet.world,available,5.99,,74,1,10,name.com,,
7493ad6f-5e6b-4f40-bad7-c4e02292c3bd,decideon.world,available,5.99,,76,2,9,name.com,,
74995be1-de0e-4209-8f9d-6fb193185ea3,brosbeforehoes.world,available,5.99,,38,1,16,name.com,,
749aff3a-213b-4cb6-847b-59c21d8fa325,sugars.world,available,5.99,,55,8,6,name.com,,
74d4e0d5-5e1f-415f-aa5f-4a93612058ad,additions.world,available,5.99,,58,4,9,name.com,,
74de9dd2-b8d5-4c89-9b20-bd3d0da0e4c7,commonknowledge.world,available,5.99,,72,5,16,name.com,,
74fe2853-80cd-4fe9-bd4a-27e39500442a,uponthewhole.world,available,5.99,,46,1,14,name.com,,
750b1749-3b8a-4f0e-b974-c08b25f63b5b,inshortorder.world,available,5.99,,52,0,14,name.com,,
751c07ab-23db-49b5-8c6d-6f3e7357baac,hats.world,resell,,,65,15,4,"DNSPod, Inc.",01/07/2019 03:04,01/07/2026 03:04
753fa997-245c-40db-a409-fd163075b3d0,estatebottled.world,available,5.99,,56,0,14,name.com,,
7551d405-acd4-4106-b57e-5f2b9db34fa0,havea.world,available,5.99,,60,7,6,name.com,,
75884ad3-f95f-4008-959b-bec1aafdbca6,facilities.world,available,5.99,,77,10,10,name.com,,
7594543d-b351-4e56-9374-a6d386b0f8af,wrinkles.world,available,5.99,,55,4,8,name.com,,
75b27936-54d6-4afe-8ac3-9968479c350c,organisational.world,available,5.99,,54,1,14,name.com,,
767258c4-c4fa-4a98-9d47-fdf94974254b,chiefmagistrate.world,available,5.99,,42,1,16,name.com,,
76744dc0-54df-48ef-8b3c-31eb457c44c5,godark.world,available,5.99,,68,5,7,name.com,,